Datetime,Relative_Humidity,Temperature,MC_PM25,NC_PM25,5_min_sample,10_min_sample,15_min_sample,2.5_min_sample,7.5_min_sample,5_min_sample_NC,10_min_sample_NC,15_min_sample_NC,2.5_min_sample_NC,7.5_min_sample_NC
2024-12-10 19:00:03,49.5,29.93,4,32,4,4,4,4,4,32,32,32,32,32
2024-12-10 19:00:07,49.45,29.92,4,32,0,0,0,0,0,0,0,0,0,0
2024-12-10 19:00:12,49.48,29.95,5,34,0,0,0,0,0,0,0,0,0,0
2024-12-10 19:00:17,49.5,29.97,5,34,0,0,0,0,0,0,0,0,0,0
2024-12-10 19:00:22,49.38,29.93,5,34,0,0,0,0,0,0,0,0,0,0
2024-12-10 19:00:27,49.38,29.95,4,33,0,0,0,0,0,0,0,0,0,0
2024-12-10 19:00:32,49.35,29.96,4,31,0,0,0,0,0,0,0,0,0,0
2024-12-10 19:00:38,49.43,29.97,4,30,0,0,0,0,0,0,0,0,0,0
2024-12-10 19:00:42,49.42,29.96,4,29,0,0,0,0,0,0,0,0,0,0
2024-12-10 19:00:47,49.45,29.96,4,28,0,0,0,0,0,0,0,0,0,0
2024-12-10 19:00:52,49.57,29.98,4,28,0,0,0,0,0,0,0,0,0,0
2024-12-10 19:00:57,49.68,29.99,4,27,0,0,0,0,0,0,0,0,0,0
2024-12-10 19:01:03,49.81,29.99,4,29,0,0,0,0,0,0,0,0,0,0
2024-12-10 19:01:07,49.82,29.98,4,30,0,0,0,0,0,0,0,0,0,0
2024-12-10 19:01:12,49.67,29.97,4,29,0,0,0,0,0,0,0,0,0,0
2024-12-10 19:01:17,49.58,29.96,4,29,0,0,0,0,0,0,0,0,0,0
2024-12-10 19:01:22,49.54,29.99,4,30,0,0,0,0,0,0,0,0,0,0
2024-12-10 19:01:27,49.61,29.99,4,30,0,0,0,0,0,0,0,0,0,0
2024-12-10 19:01:32,49.64,30.0,4,31,0,0,0,0,0,0,0,0,0,0
2024-12-10 19:01:42,49.66,30.0,4,31,0,0,0,0,0,0,0,0,0,0
2024-12-10 19:01:54,49.7,30.0,4,32,0,0,0,0,0,0,0,0,0,0
2024-12-10 19:01:59,49.68,30.02,4,32,0,0,0,0,0,0,0,0,0,0
2024-12-10 19:02:02,49.68,30.03,4,32,0,0,0,0,0,0,0,0,0,0
2024-12-10 19:02:07,49.66,30.02,4,31,0,0,0,0,0,0,0,0,0,0
2024-12-10 19:02:11,49.79,30.0,4,32,0,0,0,0,0,0,0,0,0,0
2024-12-10 19:02:14,49.87,30.02,5,33,0,0,0,0,0,0,0,0,0,0
2024-12-10 19:02:18,49.86,30.02,5,34,0,0,0,0,0,0,0,0,0,0
2024-12-10 19:02:22,49.89,30.04,5,36,0,0,0,0,0,0,0,0,0,0
2024-12-10 19:02:26,49.89,30.05,5,36,0,0,0,0,0,0,0,0,0,0
2024-12-10 19:02:30,49.9,30.02,5,35,0,0,0,5,0,0,0,0,35,0
2024-12-10 19:02:35,49.91,30.03,5,35,0,0,0,0,0,0,0,0,0,0
2024-12-10 19:02:38,49.84,30.04,4,32,0,0,0,0,0,0,0,0,0,0
2024-12-10 19:02:43,49.88,30.06,4,32,0,0,0,0,0,0,0,0,0,0
2024-12-10 19:02:49,49.81,30.06,4,32,0,0,0,0,0,0,0,0,0,0
2024-12-10 19:02:52,49.79,30.06,4,31,0,0,0,0,0,0,0,0,0,0
2024-12-10 19:02:57,49.79,30.06,4,30,0,0,0,0,0,0,0,0,0,0
2024-12-10 19:03:02,49.74,30.05,4,30,0,0,0,0,0,0,0,0,0,0
2024-12-10 19:03:08,49.71,30.06,4,29,0,0,0,0,0,0,0,0,0,0
2024-12-10 19:03:12,49.72,30.06,4,29,0,0,0,0,0,0,0,0,0,0
2024-12-10 19:03:17,49.7,30.08,4,30,0,0,0,0,0,0,0,0,0,0
2024-12-10 19:03:22,49.69,30.06,4,31,0,0,0,0,0,0,0,0,0,0
2024-12-10 19:03:27,49.7,30.06,4,33,0,0,0,0,0,0,0,0,0,0
2024-12-10 19:03:32,49.69,30.09,5,34,0,0,0,0,0,0,0,0,0,0
2024-12-10 19:03:37,49.72,30.06,4,33,0,0,0,0,0,0,0,0,0,0
2024-12-10 19:03:42,49.7,30.08,4,32,0,0,0,0,0,0,0,0,0,0
2024-12-10 19:03:47,49.67,30.08,4,32,0,0,0,0,0,0,0,0,0,0
2024-12-10 19:03:52,49.62,30.09,4,31,0,0,0,0,0,0,0,0,0,0
2024-12-10 19:03:57,49.57,30.08,4,32,0,0,0,0,0,0,0,0,0,0
2024-12-10 19:04:02,49.55,30.09,4,31,0,0,0,0,0,0,0,0,0,0
2024-12-10 19:04:07,49.48,30.09,4,29,0,0,0,0,0,0,0,0,0,0
2024-12-10 19:04:12,49.48,30.08,4,29,0,0,0,0,0,0,0,0,0,0
2024-12-10 19:04:17,49.48,30.07,4,29,0,0,0,0,0,0,0,0,0,0
2024-12-10 19:04:22,49.49,30.09,4,29,0,0,0,0,0,0,0,0,0,0
2024-12-10 19:04:32,49.54,30.09,4,29,0,0,0,0,0,0,0,0,0,0
2024-12-10 19:04:36,49.55,30.08,4,30,0,0,0,0,0,0,0,0,0,0
2024-12-10 19:04:41,49.58,30.09,4,33,0,0,0,0,0,0,0,0,0,0
2024-12-10 19:04:44,49.57,30.12,4,33,0,0,0,0,0,0,0,0,0,0
2024-12-10 19:04:48,49.52,30.1,4,33,0,0,0,0,0,0,0,0,0,0
2024-12-10 19:04:52,49.46,30.09,4,32,0,0,0,0,0,0,0,0,0,0
2024-12-10 19:04:57,49.47,30.1,4,33,0,0,0,0,0,0,0,0,0,0
2024-12-10 19:05:05,49.45,30.11,4,33,4,0,0,4,0,33,0,0,33,0
2024-12-10 19:05:10,49.46,30.1,4,33,0,0,0,0,0,0,0,0,0,0
2024-12-10 19:05:14,49.51,30.11,4,33,0,0,0,0,0,0,0,0,0,0
2024-12-10 19:05:18,49.52,30.11,4,32,0,0,0,0,0,0,0,0,0,0
2024-12-10 19:05:24,49.56,30.1,4,33,0,0,0,0,0,0,0,0,0,0
2024-12-10 19:05:28,49.55,30.12,4,32,0,0,0,0,0,0,0,0,0,0
2024-12-10 19:05:32,49.58,30.13,4,32,0,0,0,0,0,0,0,0,0,0
2024-12-10 19:05:39,49.59,30.11,4,31,0,0,0,0,0,0,0,0,0,0
2024-12-10 19:05:44,49.59,30.1,4,32,0,0,0,0,0,0,0,0,0,0
2024-12-10 19:05:51,49.58,30.13,4,32,0,0,0,0,0,0,0,0,0,0
2024-12-10 19:05:54,49.55,30.1,4,33,0,0,0,0,0,0,0,0,0,0
2024-12-10 19:05:58,49.52,30.14,4,32,0,0,0,0,0,0,0,0,0,0
2024-12-10 19:06:02,49.5,30.1,4,32,0,0,0,0,0,0,0,0,0,0
2024-12-10 19:06:07,49.49,30.12,4,31,0,0,0,0,0,0,0,0,0,0
2024-12-10 19:06:13,49.51,30.12,4,30,0,0,0,0,0,0,0,0,0,0
2024-12-10 19:06:17,49.5,30.14,4,29,0,0,0,0,0,0,0,0,0,0
2024-12-10 19:06:22,49.47,30.1,4,29,0,0,0,0,0,0,0,0,0,0
2024-12-10 19:06:27,49.5,30.12,4,28,0,0,0,0,0,0,0,0,0,0
2024-12-10 19:06:32,49.52,30.15,4,28,0,0,0,0,0,0,0,0,0,0
2024-12-10 19:06:38,49.5,30.12,4,28,0,0,0,0,0,0,0,0,0,0
2024-12-10 19:06:43,49.5,30.12,4,28,0,0,0,0,0,0,0,0,0,0
2024-12-10 19:06:47,49.48,30.14,4,27,0,0,0,0,0,0,0,0,0,0
2024-12-10 19:06:52,49.51,30.13,4,31,0,0,0,0,0,0,0,0,0,0
2024-12-10 19:06:57,49.47,30.12,4,32,0,0,0,0,0,0,0,0,0,0
2024-12-10 19:07:02,49.49,30.13,4,31,0,0,0,0,0,0,0,0,0,0
2024-12-10 19:07:07,49.5,30.12,4,30,0,0,0,0,0,0,0,0,0,0
2024-12-10 19:07:12,49.53,30.13,4,31,0,0,0,0,0,0,0,0,0,0
2024-12-10 19:07:22,49.5,30.12,4,30,0,0,0,0,0,0,0,0,0,0
2024-12-10 19:07:27,49.48,30.13,4,29,0,0,0,0,0,0,0,0,0,0
2024-12-10 19:07:30,49.46,30.13,4,29,0,0,0,4,4,0,0,0,29,29
2024-12-10 19:07:33,49.47,30.15,4,30,0,0,0,0,0,0,0,0,0,0
2024-12-10 19:07:37,49.45,30.13,4,31,0,0,0,0,0,0,0,0,0,0
2024-12-10 19:07:42,49.52,30.12,4,31,0,0,0,0,0,0,0,0,0,0
2024-12-10 19:07:47,49.56,30.13,4,30,0,0,0,0,0,0,0,0,0,0
2024-12-10 19:07:52,49.56,30.13,4,29,0,0,0,0,0,0,0,0,0,0
2024-12-10 19:07:57,49.58,30.12,4,29,0,0,0,0,0,0,0,0,0,0
2024-12-10 19:08:02,49.48,30.13,4,29,0,0,0,0,0,0,0,0,0,0
2024-12-10 19:08:07,49.4,30.14,4,29,0,0,0,0,0,0,0,0,0,0
2024-12-10 19:08:17,49.41,30.12,4,29,0,0,0,0,0,0,0,0,0,0
2024-12-10 19:08:21,49.4,30.12,7,52,0,0,0,0,0,0,0,0,0,0
2024-12-10 19:08:26,49.5,30.13,21,157,0,0,0,0,0,0,0,0,0,0
2024-12-10 19:08:30,49.55,30.13,27,202,0,0,0,0,0,0,0,0,0,0
2024-12-10 19:08:33,49.66,30.14,27,201,0,0,0,0,0,0,0,0,0,0
2024-12-10 19:08:37,49.62,30.13,26,197,0,0,0,0,0,0,0,0,0,0
2024-12-10 19:08:42,49.58,30.12,25,191,0,0,0,0,0,0,0,0,0,0
2024-12-10 19:08:47,49.62,30.11,20,151,0,0,0,0,0,0,0,0,0,0
2024-12-10 19:08:52,49.7,30.14,17,125,0,0,0,0,0,0,0,0,0,0
2024-12-10 19:08:57,49.74,30.11,16,120,0,0,0,0,0,0,0,0,0,0
2024-12-10 19:09:02,49.93,30.12,16,121,0,0,0,0,0,0,0,0,0,0
2024-12-10 19:09:12,50.04,30.09,22,170,0,0,0,0,0,0,0,0,0,0
2024-12-10 19:09:17,50.1,30.13,23,175,0,0,0,0,0,0,0,0,0,0
2024-12-10 19:09:22,50.11,30.13,26,196,0,0,0,0,0,0,0,0,0,0
2024-12-10 19:09:29,50.11,30.12,28,214,0,0,0,0,0,0,0,0,0,0
2024-12-10 19:09:33,49.98,30.13,24,180,0,0,0,0,0,0,0,0,0,0
2024-12-10 19:09:37,49.95,30.09,21,156,0,0,0,0,0,0,0,0,0,0
2024-12-10 19:09:42,49.91,30.12,13,100,0,0,0,0,0,0,0,0,0,0
2024-12-10 19:09:47,49.91,30.13,11,80,0,0,0,0,0,0,0,0,0,0
2024-12-10 19:09:52,49.92,30.12,9,71,0,0,0,0,0,0,0,0,0,0
2024-12-10 19:09:57,49.86,30.13,9,69,0,0,0,0,0,0,0,0,0,0
2024-12-10 19:10:02,49.89,30.11,21,156,21,21,0,21,0,156,156,0,156,0
2024-12-10 19:10:13,49.95,30.13,29,218,0,0,0,0,0,0,0,0,0,0
2024-12-10 19:10:18,49.91,30.13,13,100,0,0,0,0,0,0,0,0,0,0
2024-12-10 19:10:21,49.87,30.14,10,78,0,0,0,0,0,0,0,0,0,0
2024-12-10 19:10:25,49.87,30.1,34,256,0,0,0,0,0,0,0,0,0,0
2024-12-10 19:10:29,49.87,30.16,29,218,0,0,0,0,0,0,0,0,0,0
2024-12-10 19:10:32,49.86,30.12,23,170,0,0,0,0,0,0,0,0,0,0
2024-12-10 19:10:37,49.91,30.13,26,197,0,0,0,0,0,0,0,0,0,0
2024-12-10 19:10:42,49.9,30.13,28,209,0,0,0,0,0,0,0,0,0,0
2024-12-10 19:10:47,49.91,30.13,40,304,0,0,0,0,0,0,0,0,0,0
2024-12-10 19:10:52,49.89,30.13,44,329,0,0,0,0,0,0,0,0,0,0
2024-12-10 19:10:57,49.92,30.14,47,354,0,0,0,0,0,0,0,0,0,0
2024-12-10 19:11:02,49.9,30.12,32,241,0,0,0,0,0,0,0,0,0,0
2024-12-10 19:11:07,49.89,30.15,32,238,0,0,0,0,0,0,0,0,0,0
2024-12-10 19:11:12,49.92,30.15,42,317,0,0,0,0,0,0,0,0,0,0
2024-12-10 19:11:17,49.94,30.14,41,312,0,0,0,0,0,0,0,0,0,0
2024-12-10 19:11:25,49.95,30.15,38,286,0,0,0,0,0,0,0,0,0,0
2024-12-10 19:11:28,49.99,30.13,34,257,0,0,0,0,0,0,0,0,0,0
2024-12-10 19:11:32,49.99,30.13,37,277,0,0,0,0,0,0,0,0,0,0
2024-12-10 19:11:37,50.07,30.15,38,288,0,0,0,0,0,0,0,0,0,0
2024-12-10 19:11:42,50.06,30.16,37,281,0,0,0,0,0,0,0,0,0,0
2024-12-10 19:11:47,50.05,30.12,37,278,0,0,0,0,0,0,0,0,0,0
2024-12-10 19:11:52,49.98,30.14,37,283,0,0,0,0,0,0,0,0,0,0
2024-12-10 19:11:57,49.96,30.17,40,302,0,0,0,0,0,0,0,0,0,0
2024-12-10 19:12:02,49.91,30.14,50,377,0,0,0,0,0,0,0,0,0,0
2024-12-10 19:12:07,49.92,30.15,57,427,0,0,0,0,0,0,0,0,0,0
2024-12-10 19:12:12,49.96,30.14,60,450,0,0,0,0,0,0,0,0,0,0
2024-12-10 19:12:17,49.93,30.16,53,400,0,0,0,0,0,0,0,0,0,0
2024-12-10 19:12:22,49.99,30.14,49,369,0,0,0,0,0,0,0,0,0,0
2024-12-10 19:12:27,50.03,30.16,47,354,0,0,0,0,0,0,0,0,0,0
2024-12-10 19:12:32,50.0,30.16,47,352,0,0,0,47,0,0,0,0,352,0
2024-12-10 19:12:37,50.03,30.16,43,326,0,0,0,0,0,0,0,0,0,0
2024-12-10 19:12:42,49.96,30.15,38,289,0,0,0,0,0,0,0,0,0,0
2024-12-10 19:12:48,50.0,30.18,41,306,0,0,0,0,0,0,0,0,0,0
2024-12-10 19:12:52,50.03,30.16,65,493,0,0,0,0,0,0,0,0,0,0
2024-12-10 19:13:02,50.0,30.15,58,438,0,0,0,0,0,0,0,0,0,0
2024-12-10 19:13:04,50.03,30.16,54,410,0,0,0,0,0,0,0,0,0,0
2024-12-10 19:13:08,50.05,30.16,53,402,0,0,0,0,0,0,0,0,0,0
2024-12-10 19:13:12,50.08,30.17,53,398,0,0,0,0,0,0,0,0,0,0
2024-12-10 19:13:17,50.05,30.17,52,392,0,0,0,0,0,0,0,0,0,0
2024-12-10 19:13:22,50.03,30.16,50,379,0,0,0,0,0,0,0,0,0,0
2024-12-10 19:13:27,50.04,30.18,48,360,0,0,0,0,0,0,0,0,0,0
2024-12-10 19:13:32,50.06,30.16,45,336,0,0,0,0,0,0,0,0,0,0
2024-12-10 19:13:37,50.06,30.16,42,318,0,0,0,0,0,0,0,0,0,0
2024-12-10 19:13:42,50.07,30.16,57,432,0,0,0,0,0,0,0,0,0,0
2024-12-10 19:13:47,50.11,30.16,67,509,0,0,0,0,0,0,0,0,0,0
2024-12-10 19:13:52,50.13,30.16,69,520,0,0,0,0,0,0,0,0,0,0
2024-12-10 19:13:57,50.08,30.16,58,440,0,0,0,0,0,0,0,0,0,0
2024-12-10 19:14:02,50.11,30.18,46,350,0,0,0,0,0,0,0,0,0,0
2024-12-10 19:14:07,50.12,30.17,43,324,0,0,0,0,0,0,0,0,0,0
2024-12-10 19:14:12,50.12,30.16,42,317,0,0,0,0,0,0,0,0,0,0
2024-12-10 19:14:17,50.11,30.17,42,314,0,0,0,0,0,0,0,0,0,0
2024-12-10 19:14:22,50.13,30.16,41,306,0,0,0,0,0,0,0,0,0,0
2024-12-10 19:14:38,50.12,30.15,39,296,0,0,0,0,0,0,0,0,0,0
2024-12-10 19:14:43,50.1,30.15,38,285,0,0,0,0,0,0,0,0,0,0
2024-12-10 19:14:47,50.15,30.16,35,268,0,0,0,0,0,0,0,0,0,0
2024-12-10 19:14:50,50.11,30.16,36,269,0,0,0,0,0,0,0,0,0,0
2024-12-10 19:14:55,50.14,30.15,37,277,0,0,0,0,0,0,0,0,0,0
2024-12-10 19:14:59,50.16,30.15,36,274,0,0,0,0,0,0,0,0,0,0
2024-12-10 19:15:03,50.14,30.16,36,270,36,0,36,36,36,270,0,270,270,270
2024-12-10 19:15:09,50.15,30.15,35,262,0,0,0,0,0,0,0,0,0,0
2024-12-10 19:15:13,50.22,30.19,34,259,0,0,0,0,0,0,0,0,0,0
2024-12-10 19:15:17,50.2,30.16,34,259,0,0,0,0,0,0,0,0,0,0
2024-12-10 19:15:21,50.24,30.16,35,262,0,0,0,0,0,0,0,0,0,0
2024-12-10 19:15:25,50.17,30.14,43,325,0,0,0,0,0,0,0,0,0,0
2024-12-10 19:15:29,50.22,30.15,45,342,0,0,0,0,0,0,0,0,0,0
2024-12-10 19:15:33,50.23,30.16,45,338,0,0,0,0,0,0,0,0,0,0
2024-12-10 19:15:37,50.17,30.15,53,396,0,0,0,0,0,0,0,0,0,0
2024-12-10 19:15:42,50.13,30.14,62,469,0,0,0,0,0,0,0,0,0,0
2024-12-10 19:15:52,50.1,30.13,65,494,0,0,0,0,0,0,0,0,0,0
2024-12-10 19:15:56,50.18,30.15,66,499,0,0,0,0,0,0,0,0,0,0
2024-12-10 19:16:00,50.24,30.15,66,498,0,0,0,0,0,0,0,0,0,0
2024-12-10 19:16:04,50.26,30.14,67,507,0,0,0,0,0,0,0,0,0,0
2024-12-10 19:16:07,50.42,30.13,81,613,0,0,0,0,0,0,0,0,0,0
2024-12-10 19:16:12,50.51,30.15,133,1004,0,0,0,0,0,0,0,0,0,0
2024-12-10 19:16:17,50.55,30.15,106,802,0,0,0,0,0,0,0,0,0,0
2024-12-10 19:16:22,50.59,30.18,166,1255,0,0,0,0,0,0,0,0,0,0
2024-12-10 19:16:27,50.67,30.16,169,1275,0,0,0,0,0,0,0,0,0,0
2024-12-10 19:16:32,50.51,30.16,98,738,0,0,0,0,0,0,0,0,0,0
2024-12-10 19:16:37,50.42,30.15,83,628,0,0,0,0,0,0,0,0,0,0
2024-12-10 19:16:42,50.36,30.15,73,550,0,0,0,0,0,0,0,0,0,0
2024-12-10 19:16:47,50.36,30.16,64,482,0,0,0,0,0,0,0,0,0,0
2024-12-10 19:16:52,50.42,30.15,63,475,0,0,0,0,0,0,0,0,0,0
2024-12-10 19:16:57,50.4,30.14,64,484,0,0,0,0,0,0,0,0,0,0
2024-12-10 19:17:02,50.41,30.16,66,500,0,0,0,0,0,0,0,0,0,0
2024-12-10 19:17:07,50.42,30.16,67,509,0,0,0,0,0,0,0,0,0,0
2024-12-10 19:17:12,50.43,30.16,75,566,0,0,0,0,0,0,0,0,0,0
2024-12-10 19:17:17,50.43,30.15,80,603,0,0,0,0,0,0,0,0,0,0
2024-12-10 19:17:22,50.49,30.16,92,698,0,0,0,0,0,0,0,0,0,0
2024-12-10 19:17:27,50.49,30.15,114,862,0,0,0,0,0,0,0,0,0,0
2024-12-10 19:17:32,50.55,30.16,112,846,0,0,0,112,0,0,0,0,846,0
2024-12-10 19:17:37,50.62,30.17,69,518,0,0,0,0,0,0,0,0,0,0
2024-12-10 19:17:42,50.63,30.17,70,526,0,0,0,0,0,0,0,0,0,0
2024-12-10 19:17:47,50.59,30.18,88,668,0,0,0,0,0,0,0,0,0,0
2024-12-10 19:17:55,50.56,30.16,92,691,0,0,0,0,0,0,0,0,0,0
2024-12-10 19:17:58,50.51,30.2,94,706,0,0,0,0,0,0,0,0,0,0
2024-12-10 19:18:02,50.49,30.18,94,706,0,0,0,0,0,0,0,0,0,0
2024-12-10 19:18:07,50.47,30.17,93,700,0,0,0,0,0,0,0,0,0,0
2024-12-10 19:18:12,50.5,30.2,93,699,0,0,0,0,0,0,0,0,0,0
2024-12-10 19:18:17,50.5,30.17,94,708,0,0,0,0,0,0,0,0,0,0
2024-12-10 19:18:22,50.51,30.2,93,705,0,0,0,0,0,0,0,0,0,0
2024-12-10 19:18:27,50.57,30.19,91,687,0,0,0,0,0,0,0,0,0,0
2024-12-10 19:18:32,50.55,30.18,89,671,0,0,0,0,0,0,0,0,0,0
2024-12-10 19:18:42,50.54,30.17,87,660,0,0,0,0,0,0,0,0,0,0
2024-12-10 19:18:45,50.5,30.17,87,660,0,0,0,0,0,0,0,0,0,0
2024-12-10 19:18:49,50.51,30.2,89,670,0,0,0,0,0,0,0,0,0,0
2024-12-10 19:18:53,50.49,30.2,90,680,0,0,0,0,0,0,0,0,0,0
2024-12-10 19:18:57,50.5,30.21,92,692,0,0,0,0,0,0,0,0,0,0
2024-12-10 19:19:02,50.42,30.2,94,710,0,0,0,0,0,0,0,0,0,0
2024-12-10 19:19:07,50.57,30.17,102,772,0,0,0,0,0,0,0,0,0,0
2024-12-10 19:19:12,50.61,30.15,109,822,0,0,0,0,0,0,0,0,0,0
2024-12-10 19:19:17,50.63,30.15,119,896,0,0,0,0,0,0,0,0,0,0
2024-12-10 19:19:22,50.93,30.17,150,1131,0,0,0,0,0,0,0,0,0,0
2024-12-10 19:19:27,51.09,30.15,178,1343,0,0,0,0,0,0,0,0,0,0
2024-12-10 19:19:32,51.18,30.18,180,1361,0,0,0,0,0,0,0,0,0,0
2024-12-10 19:19:37,51.19,30.16,184,1389,0,0,0,0,0,0,0,0,0,0
2024-12-10 19:19:42,51.25,30.17,190,1436,0,0,0,0,0,0,0,0,0,0
2024-12-10 19:19:47,51.36,30.17,196,1478,0,0,0,0,0,0,0,0,0,0
2024-12-10 19:19:52,51.31,30.16,198,1493,0,0,0,0,0,0,0,0,0,0
2024-12-10 19:19:57,51.2,30.16,195,1474,0,0,0,0,0,0,0,0,0,0
2024-12-10 19:20:02,51.22,30.17,189,1428,189,189,0,189,0,1428,1428,0,1428,0
2024-12-10 19:20:07,51.19,30.16,183,1381,0,0,0,0,0,0,0,0,0,0
2024-12-10 19:20:12,51.4,30.16,181,1365,0,0,0,0,0,0,0,0,0,0
2024-12-10 19:20:17,51.54,30.15,215,1619,0,0,0,0,0,0,0,0,0,0
2024-12-10 19:20:22,51.56,30.17,227,1716,0,0,0,0,0,0,0,0,0,0
2024-12-10 19:20:27,51.52,30.16,223,1680,0,0,0,0,0,0,0,0,0,0
2024-12-10 19:20:32,51.41,30.16,208,1569,0,0,0,0,0,0,0,0,0,0
2024-12-10 19:20:37,51.41,30.17,200,1509,0,0,0,0,0,0,0,0,0,0
2024-12-10 19:20:42,51.36,30.17,197,1485,0,0,0,0,0,0,0,0,0,0
2024-12-10 19:20:49,51.47,30.16,202,1521,0,0,0,0,0,0,0,0,0,0
2024-12-10 19:20:53,51.38,30.18,202,1521,0,0,0,0,0,0,0,0,0,0
2024-12-10 19:20:58,51.38,30.17,200,1507,0,0,0,0,0,0,0,0,0,0
2024-12-10 19:21:06,51.38,30.16,198,1496,0,0,0,0,0,0,0,0,0,0
2024-12-10 19:21:10,51.35,30.16,197,1490,0,0,0,0,0,0,0,0,0,0
2024-12-10 19:21:13,51.35,30.17,198,1492,0,0,0,0,0,0,0,0,0,0
2024-12-10 19:21:18,51.32,30.17,196,1482,0,0,0,0,0,0,0,0,0,0
2024-12-10 19:21:22,51.35,30.16,195,1468,0,0,0,0,0,0,0,0,0,0
2024-12-10 19:21:32,51.31,30.15,191,1441,0,0,0,0,0,0,0,0,0,0
2024-12-10 19:21:36,51.36,30.17,187,1414,0,0,0,0,0,0,0,0,0,0
2024-12-10 19:21:40,51.38,30.19,186,1405,0,0,0,0,0,0,0,0,0,0
2024-12-10 19:21:44,51.4,30.18,189,1426,0,0,0,0,0,0,0,0,0,0
2024-12-10 19:21:48,51.36,30.16,193,1459,0,0,0,0,0,0,0,0,0,0
2024-12-10 19:21:52,51.34,30.2,190,1438,0,0,0,0,0,0,0,0,0,0
2024-12-10 19:21:57,51.32,30.17,189,1429,0,0,0,0,0,0,0,0,0,0
2024-12-10 19:22:02,51.35,30.17,188,1418,0,0,0,0,0,0,0,0,0,0
2024-12-10 19:22:07,51.35,30.16,185,1397,0,0,0,0,0,0,0,0,0,0
2024-12-10 19:22:12,51.32,30.17,182,1372,0,0,0,0,0,0,0,0,0,0
2024-12-10 19:22:17,51.36,30.18,178,1342,0,0,0,0,0,0,0,0,0,0
2024-12-10 19:22:22,51.28,30.19,174,1312,0,0,0,0,0,0,0,0,0,0
2024-12-10 19:22:27,51.31,30.17,169,1272,0,0,0,0,0,0,0,0,0,0
2024-12-10 19:22:32,51.31,30.18,165,1249,0,0,0,165,165,0,0,0,1249,1249
2024-12-10 19:22:37,51.27,30.18,162,1222,0,0,0,0,0,0,0,0,0,0
2024-12-10 19:22:42,51.29,30.2,160,1208,0,0,0,0,0,0,0,0,0,0
2024-12-10 19:22:47,51.27,30.2,158,1196,0,0,0,0,0,0,0,0,0,0
2024-12-10 19:22:52,51.3,30.2,156,1178,0,0,0,0,0,0,0,0,0,0
2024-12-10 19:22:57,51.27,30.21,155,1170,0,0,0,0,0,0,0,0,0,0
2024-12-10 19:23:03,51.25,30.21,154,1162,0,0,0,0,0,0,0,0,0,0
2024-12-10 19:23:07,51.25,30.19,156,1177,0,0,0,0,0,0,0,0,0,0
2024-12-10 19:23:12,51.26,30.2,155,1171,0,0,0,0,0,0,0,0,0,0
2024-12-10 19:23:17,51.25,30.21,153,1153,0,0,0,0,0,0,0,0,0,0
2024-12-10 19:23:22,51.24,30.21,151,1137,0,0,0,0,0,0,0,0,0,0
2024-12-10 19:23:27,51.22,30.21,150,1131,0,0,0,0,0,0,0,0,0,0
2024-12-10 19:23:32,51.27,30.21,150,1130,0,0,0,0,0,0,0,0,0,0
2024-12-10 19:23:37,51.27,30.21,148,1119,0,0,0,0,0,0,0,0,0,0
2024-12-10 19:23:42,51.24,30.21,146,1101,0,0,0,0,0,0,0,0,0,0
2024-12-10 19:23:47,51.28,30.21,146,1100,0,0,0,0,0,0,0,0,0,0
2024-12-10 19:23:52,51.23,30.21,147,1107,0,0,0,0,0,0,0,0,0,0
2024-12-10 19:23:57,51.23,30.23,147,1106,0,0,0,0,0,0,0,0,0,0
2024-12-10 19:24:02,51.22,30.21,145,1098,0,0,0,0,0,0,0,0,0,0
2024-12-10 19:24:07,51.23,30.21,144,1090,0,0,0,0,0,0,0,0,0,0
2024-12-10 19:24:15,51.23,30.22,144,1085,0,0,0,0,0,0,0,0,0,0
2024-12-10 19:24:27,51.22,30.21,141,1067,0,0,0,0,0,0,0,0,0,0
2024-12-10 19:24:30,51.2,30.24,140,1059,0,0,0,0,0,0,0,0,0,0
2024-12-10 19:24:33,51.21,30.2,141,1065,0,0,0,0,0,0,0,0,0,0
2024-12-10 19:24:38,51.24,30.23,143,1082,0,0,0,0,0,0,0,0,0,0
2024-12-10 19:24:42,51.23,30.2,145,1094,0,0,0,0,0,0,0,0,0,0
2024-12-10 19:24:46,51.22,30.21,145,1097,0,0,0,0,0,0,0,0,0,0
2024-12-10 19:24:50,51.24,30.22,143,1082,0,0,0,0,0,0,0,0,0,0
2024-12-10 19:24:53,51.25,30.24,142,1069,0,0,0,0,0,0,0,0,0,0
2024-12-10 19:24:57,51.29,30.22,140,1058,0,0,0,0,0,0,0,0,0,0
2024-12-10 19:25:02,51.23,30.21,140,1053,140,0,0,140,0,1053,0,0,1053,0
2024-12-10 19:25:07,51.28,30.21,142,1070,0,0,0,0,0,0,0,0,0,0
2024-12-10 19:25:12,51.26,30.23,199,1503,0,0,0,0,0,0,0,0,0,0
2024-12-10 19:25:17,51.33,30.23,201,1520,0,0,0,0,0,0,0,0,0,0
2024-12-10 19:25:22,51.4,30.21,202,1525,0,0,0,0,0,0,0,0,0,0
2024-12-10 19:25:27,51.45,30.23,197,1490,0,0,0,0,0,0,0,0,0,0
2024-12-10 19:25:32,51.45,30.18,193,1460,0,0,0,0,0,0,0,0,0,0
2024-12-10 19:25:37,51.49,30.21,191,1443,0,0,0,0,0,0,0,0,0,0
2024-12-10 19:25:42,51.46,30.21,192,1446,0,0,0,0,0,0,0,0,0,0
2024-12-10 19:25:47,51.44,30.22,195,1471,0,0,0,0,0,0,0,0,0,0
2024-12-10 19:25:52,51.4,30.22,182,1373,0,0,0,0,0,0,0,0,0,0
2024-12-10 19:25:57,51.37,30.2,165,1248,0,0,0,0,0,0,0,0,0,0
2024-12-10 19:26:02,51.36,30.21,160,1208,0,0,0,0,0,0,0,0,0,0
2024-12-10 19:26:07,51.39,30.21,160,1209,0,0,0,0,0,0,0,0,0,0
2024-12-10 19:26:12,51.4,30.21,176,1330,0,0,0,0,0,0,0,0,0,0
2024-12-10 19:26:17,51.42,30.18,200,1510,0,0,0,0,0,0,0,0,0,0
2024-12-10 19:26:22,51.51,30.21,211,1591,0,0,0,0,0,0,0,0,0,0
2024-12-10 19:26:27,51.54,30.17,215,1619,0,0,0,0,0,0,0,0,0,0
2024-12-10 19:26:32,51.5,30.17,220,1658,0,0,0,0,0,0,0,0,0,0
2024-12-10 19:26:37,51.56,30.19,223,1686,0,0,0,0,0,0,0,0,0,0
2024-12-10 19:26:42,51.58,30.2,230,1736,0,0,0,0,0,0,0,0,0,0
2024-12-10 19:26:47,51.53,30.19,186,1406,0,0,0,0,0,0,0,0,0,0
2024-12-10 19:26:52,51.52,30.18,202,1527,0,0,0,0,0,0,0,0,0,0
2024-12-10 19:26:57,51.53,30.18,176,1329,0,0,0,0,0,0,0,0,0,0
2024-12-10 19:27:02,51.51,30.17,193,1454,0,0,0,0,0,0,0,0,0,0
2024-12-10 19:27:11,51.54,30.17,203,1533,0,0,0,0,0,0,0,0,0,0
2024-12-10 19:27:15,51.62,30.17,205,1547,0,0,0,0,0,0,0,0,0,0
2024-12-10 19:27:18,51.71,30.19,207,1566,0,0,0,0,0,0,0,0,0,0
2024-12-10 19:27:29,51.83,30.16,211,1595,0,0,0,0,0,0,0,0,0,0
2024-12-10 19:27:32,51.89,30.15,212,1601,0,0,0,212,0,0,0,0,1601,0
2024-12-10 19:27:35,51.84,30.15,214,1613,0,0,0,0,0,0,0,0,0,0
2024-12-10 19:27:40,51.82,30.16,216,1627,0,0,0,0,0,0,0,0,0,0
2024-12-10 19:27:43,51.87,30.17,216,1631,0,0,0,0,0,0,0,0,0,0
2024-12-10 19:27:47,51.84,30.15,216,1627,0,0,0,0,0,0,0,0,0,0
2024-12-10 19:27:52,51.88,30.15,217,1641,0,0,0,0,0,0,0,0,0,0
2024-12-10 19:27:57,51.89,30.15,237,1789,0,0,0,0,0,0,0,0,0,0
2024-12-10 19:28:02,51.82,30.16,238,1794,0,0,0,0,0,0,0,0,0,0
2024-12-10 19:28:07,51.82,30.14,241,1817,0,0,0,0,0,0,0,0,0,0
2024-12-10 19:28:13,51.79,30.17,233,1761,0,0,0,0,0,0,0,0,0,0
2024-12-10 19:28:17,51.82,30.15,231,1741,0,0,0,0,0,0,0,0,0,0
2024-12-10 19:28:22,51.84,30.17,227,1712,0,0,0,0,0,0,0,0,0,0
2024-12-10 19:28:27,51.75,30.17,216,1627,0,0,0,0,0,0,0,0,0,0
2024-12-10 19:28:32,51.73,30.19,213,1606,0,0,0,0,0,0,0,0,0,0
2024-12-10 19:28:37,51.71,30.17,211,1595,0,0,0,0,0,0,0,0,0,0
2024-12-10 19:28:42,51.78,30.17,218,1644,0,0,0,0,0,0,0,0,0,0
2024-12-10 19:28:47,51.78,30.17,230,1734,0,0,0,0,0,0,0,0,0,0
2024-12-10 19:28:52,51.82,30.17,234,1766,0,0,0,0,0,0,0,0,0,0
2024-12-10 19:28:57,51.82,30.18,237,1788,0,0,0,0,0,0,0,0,0,0
2024-12-10 19:29:02,51.79,30.16,238,1797,0,0,0,0,0,0,0,0,0,0
2024-12-10 19:29:07,51.77,30.13,238,1799,0,0,0,0,0,0,0,0,0,0
2024-12-10 19:29:12,51.84,30.18,235,1773,0,0,0,0,0,0,0,0,0,0
2024-12-10 19:29:17,51.97,30.15,230,1735,0,0,0,0,0,0,0,0,0,0
2024-12-10 19:29:22,52.05,30.16,233,1758,0,0,0,0,0,0,0,0,0,0
2024-12-10 19:29:27,52.15,30.14,256,1930,0,0,0,0,0,0,0,0,0,0
2024-12-10 19:29:32,52.22,30.16,281,2120,0,0,0,0,0,0,0,0,0,0
2024-12-10 19:29:37,52.17,30.15,296,2235,0,0,0,0,0,0,0,0,0,0
2024-12-10 19:29:42,52.22,30.15,314,2368,0,0,0,0,0,0,0,0,0,0
2024-12-10 19:29:47,52.15,30.17,320,2413,0,0,0,0,0,0,0,0,0,0
2024-12-10 19:29:52,52.2,30.14,325,2451,0,0,0,0,0,0,0,0,0,0
2024-12-10 19:30:01,52.21,30.14,324,2449,324,324,324,324,324,2449,2449,2449,2449,2449
2024-12-10 19:30:06,52.15,30.16,319,2406,0,0,0,0,0,0,0,0,0,0
2024-12-10 19:30:09,52.17,30.14,302,2281,0,0,0,0,0,0,0,0,0,0
2024-12-10 19:30:12,52.22,30.14,303,2283,0,0,0,0,0,0,0,0,0,0
2024-12-10 19:30:17,52.29,30.16,313,2362,0,0,0,0,0,0,0,0,0,0
2024-12-10 19:30:22,52.28,30.13,317,2395,0,0,0,0,0,0,0,0,0,0
2024-12-10 19:30:27,52.24,30.15,319,2411,0,0,0,0,0,0,0,0,0,0
2024-12-10 19:30:32,52.25,30.15,320,2418,0,0,0,0,0,0,0,0,0,0
2024-12-10 19:30:39,52.19,30.15,319,2408,0,0,0,0,0,0,0,0,0,0
2024-12-10 19:30:43,52.21,30.13,313,2366,0,0,0,0,0,0,0,0,0,0
2024-12-10 19:30:47,52.3,30.15,309,2329,0,0,0,0,0,0,0,0,0,0
2024-12-10 19:30:52,52.35,30.16,305,2305,0,0,0,0,0,0,0,0,0,0
2024-12-10 19:30:57,52.35,30.15,306,2308,0,0,0,0,0,0,0,0,0,0
2024-12-10 19:31:02,52.39,30.15,307,2318,0,0,0,0,0,0,0,0,0,0
2024-12-10 19:31:07,52.41,30.13,312,2351,0,0,0,0,0,0,0,0,0,0
2024-12-10 19:31:12,52.41,30.15,322,2431,0,0,0,0,0,0,0,0,0,0
2024-12-10 19:31:17,52.41,30.17,327,2465,0,0,0,0,0,0,0,0,0,0
2024-12-10 19:31:22,52.34,30.13,327,2470,0,0,0,0,0,0,0,0,0,0
2024-12-10 19:31:27,52.37,30.14,325,2454,0,0,0,0,0,0,0,0,0,0
2024-12-10 19:31:32,52.39,30.15,327,2469,0,0,0,0,0,0,0,0,0,0
2024-12-10 19:31:37,52.36,30.17,327,2471,0,0,0,0,0,0,0,0,0,0
2024-12-10 19:31:42,52.39,30.16,326,2463,0,0,0,0,0,0,0,0,0,0
2024-12-10 19:31:47,52.36,30.17,323,2440,0,0,0,0,0,0,0,0,0,0
2024-12-10 19:31:52,52.36,30.17,319,2406,0,0,0,0,0,0,0,0,0,0
2024-12-10 19:31:57,52.34,30.16,318,2400,0,0,0,0,0,0,0,0,0,0
2024-12-10 19:32:02,52.31,30.16,318,2402,0,0,0,0,0,0,0,0,0,0
2024-12-10 19:32:07,52.3,30.17,316,2386,0,0,0,0,0,0,0,0,0,0
2024-12-10 19:32:12,52.29,30.16,311,2344,0,0,0,0,0,0,0,0,0,0
2024-12-10 19:32:17,52.34,30.17,306,2311,0,0,0,0,0,0,0,0,0,0
2024-12-10 19:32:22,52.33,30.18,303,2286,0,0,0,0,0,0,0,0,0,0
2024-12-10 19:32:27,52.34,30.18,300,2267,0,0,0,0,0,0,0,0,0,0
2024-12-10 19:32:32,52.31,30.16,294,2222,0,0,0,294,0,0,0,0,2222,0
2024-12-10 19:32:37,52.32,30.17,289,2184,0,0,0,0,0,0,0,0,0,0
2024-12-10 19:32:48,52.4,30.16,288,2172,0,0,0,0,0,0,0,0,0,0
2024-12-10 19:32:52,52.37,30.19,289,2183,0,0,0,0,0,0,0,0,0,0
2024-12-10 19:32:56,52.32,30.17,290,2191,0,0,0,0,0,0,0,0,0,0
2024-12-10 19:32:59,52.32,30.2,290,2185,0,0,0,0,0,0,0,0,0,0
2024-12-10 19:33:02,52.3,30.18,291,2197,0,0,0,0,0,0,0,0,0,0
2024-12-10 19:33:07,52.38,30.17,298,2249,0,0,0,0,0,0,0,0,0,0
2024-12-10 19:33:12,52.41,30.21,298,2252,0,0,0,0,0,0,0,0,0,0
2024-12-10 19:33:17,52.39,30.21,300,2261,0,0,0,0,0,0,0,0,0,0
2024-12-10 19:33:22,52.3,30.18,299,2255,0,0,0,0,0,0,0,0,0,0
2024-12-10 19:33:27,52.32,30.21,295,2228,0,0,0,0,0,0,0,0,0,0
2024-12-10 19:33:32,52.33,30.2,290,2189,0,0,0,0,0,0,0,0,0,0
2024-12-10 19:33:37,52.37,30.19,286,2155,0,0,0,0,0,0,0,0,0,0
2024-12-10 19:33:42,52.44,30.22,284,2144,0,0,0,0,0,0,0,0,0,0
2024-12-10 19:33:50,52.41,30.19,287,2164,0,0,0,0,0,0,0,0,0,0
2024-12-10 19:33:54,52.4,30.21,293,2208,0,0,0,0,0,0,0,0,0,0
2024-12-10 19:33:58,52.44,30.2,300,2266,0,0,0,0,0,0,0,0,0,0
2024-12-10 19:34:02,52.4,30.2,305,2302,0,0,0,0,0,0,0,0,0,0
2024-12-10 19:34:09,52.42,30.21,307,2313,0,0,0,0,0,0,0,0,0,0
2024-12-10 19:34:12,52.41,30.2,305,2299,0,0,0,0,0,0,0,0,0,0
2024-12-10 19:34:17,52.38,30.21,299,2260,0,0,0,0,0,0,0,0,0,0
2024-12-10 19:34:22,52.38,30.21,295,2227,0,0,0,0,0,0,0,0,0,0
2024-12-10 19:34:27,52.41,30.21,291,2193,0,0,0,0,0,0,0,0,0,0
2024-12-10 19:34:32,52.32,30.21,287,2164,0,0,0,0,0,0,0,0,0,0
2024-12-10 19:34:37,52.34,30.23,284,2142,0,0,0,0,0,0,0,0,0,0
2024-12-10 19:34:42,52.34,30.22,280,2116,0,0,0,0,0,0,0,0,0,0
2024-12-10 19:34:47,52.33,30.21,279,2103,0,0,0,0,0,0,0,0,0,0
2024-12-10 19:34:52,52.33,30.19,279,2107,0,0,0,0,0,0,0,0,0,0
2024-12-10 19:34:57,52.3,30.21,278,2101,0,0,0,0,0,0,0,0,0,0
2024-12-10 19:35:02,52.34,30.18,279,2108,279,0,0,279,0,2108,0,0,2108,0
2024-12-10 19:35:07,52.35,30.21,280,2113,0,0,0,0,0,0,0,0,0,0
2024-12-10 19:35:12,52.33,30.21,280,2116,0,0,0,0,0,0,0,0,0,0
2024-12-10 19:35:17,52.33,30.22,282,2126,0,0,0,0,0,0,0,0,0,0
2024-12-10 19:35:22,52.34,30.21,283,2137,0,0,0,0,0,0,0,0,0,0
2024-12-10 19:35:27,52.38,30.25,285,2148,0,0,0,0,0,0,0,0,0,0
2024-12-10 19:35:36,52.36,30.21,285,2153,0,0,0,0,0,0,0,0,0,0
2024-12-10 19:35:41,52.4,30.2,287,2163,0,0,0,0,0,0,0,0,0,0
2024-12-10 19:35:44,52.38,30.21,289,2183,0,0,0,0,0,0,0,0,0,0
2024-12-10 19:35:48,52.36,30.22,293,2209,0,0,0,0,0,0,0,0,0,0
2024-12-10 19:35:52,52.35,30.21,294,2215,0,0,0,0,0,0,0,0,0,0
2024-12-10 19:35:57,52.36,30.22,294,2220,0,0,0,0,0,0,0,0,0,0
2024-12-10 19:36:02,52.4,30.21,294,2216,0,0,0,0,0,0,0,0,0,0
2024-12-10 19:36:07,52.33,30.21,292,2207,0,0,0,0,0,0,0,0,0,0
2024-12-10 19:36:12,52.4,30.2,291,2194,0,0,0,0,0,0,0,0,0,0
2024-12-10 19:36:17,52.4,30.2,290,2188,0,0,0,0,0,0,0,0,0,0
2024-12-10 19:36:22,52.42,30.21,289,2183,0,0,0,0,0,0,0,0,0,0
2024-12-10 19:36:27,52.42,30.19,289,2180,0,0,0,0,0,0,0,0,0,0
2024-12-10 19:36:37,52.38,30.22,289,2179,0,0,0,0,0,0,0,0,0,0
2024-12-10 19:36:42,52.43,30.21,292,2201,0,0,0,0,0,0,0,0,0,0
2024-12-10 19:36:47,52.41,30.23,292,2205,0,0,0,0,0,0,0,0,0,0
2024-12-10 19:36:52,52.43,30.19,292,2206,0,0,0,0,0,0,0,0,0,0
2024-12-10 19:37:00,52.39,30.22,291,2199,0,0,0,0,0,0,0,0,0,0
2024-12-10 19:37:03,52.37,30.23,290,2192,0,0,0,0,0,0,0,0,0,0
2024-12-10 19:37:07,52.37,30.21,291,2193,0,0,0,0,0,0,0,0,0,0
2024-12-10 19:37:12,52.39,30.21,288,2176,0,0,0,0,0,0,0,0,0,0
2024-12-10 19:37:17,52.37,30.23,287,2169,0,0,0,0,0,0,0,0,0,0
2024-12-10 19:37:22,52.39,30.23,288,2174,0,0,0,0,0,0,0,0,0,0
2024-12-10 19:37:37,52.37,30.23,285,2150,0,0,0,285,285,0,0,0,2150,2150
2024-12-10 19:37:42,52.41,30.24,284,2143,0,0,0,0,0,0,0,0,0,0
2024-12-10 19:37:47,52.38,30.21,284,2146,0,0,0,0,0,0,0,0,0,0
2024-12-10 19:37:52,52.39,30.22,284,2145,0,0,0,0,0,0,0,0,0,0
2024-12-10 19:37:57,52.38,30.21,284,2145,0,0,0,0,0,0,0,0,0,0
2024-12-10 19:38:02,52.37,30.23,285,2151,0,0,0,0,0,0,0,0,0,0
2024-12-10 19:38:07,52.39,30.23,286,2155,0,0,0,0,0,0,0,0,0,0
2024-12-10 19:38:12,52.4,30.22,284,2145,0,0,0,0,0,0,0,0,0,0
2024-12-10 19:38:17,52.43,30.22,284,2146,0,0,0,0,0,0,0,0,0,0
2024-12-10 19:38:22,52.39,30.24,287,2163,0,0,0,0,0,0,0,0,0,0
2024-12-10 19:38:27,52.42,30.25,287,2164,0,0,0,0,0,0,0,0,0,0
2024-12-10 19:38:39,52.39,30.24,286,2160,0,0,0,0,0,0,0,0,0,0
2024-12-10 19:38:43,52.39,30.21,286,2158,0,0,0,0,0,0,0,0,0,0
2024-12-10 19:38:47,52.37,30.21,286,2156,0,0,0,0,0,0,0,0,0,0
2024-12-10 19:38:51,52.38,30.25,285,2154,0,0,0,0,0,0,0,0,0,0
2024-12-10 19:38:54,52.4,30.23,285,2153,0,0,0,0,0,0,0,0,0,0
2024-12-10 19:38:58,52.42,30.23,286,2155,0,0,0,0,0,0,0,0,0,0
2024-12-10 19:39:02,52.35,30.24,287,2165,0,0,0,0,0,0,0,0,0,0
2024-12-10 19:39:07,52.41,30.22,288,2173,0,0,0,0,0,0,0,0,0,0
2024-12-10 19:39:12,52.42,30.23,288,2173,0,0,0,0,0,0,0,0,0,0
2024-12-10 19:39:17,52.39,30.23,288,2171,0,0,0,0,0,0,0,0,0,0
2024-12-10 19:39:22,52.39,30.24,289,2182,0,0,0,0,0,0,0,0,0,0
2024-12-10 19:39:27,52.44,30.21,289,2185,0,0,0,0,0,0,0,0,0,0
2024-12-10 19:39:32,52.46,30.22,287,2167,0,0,0,0,0,0,0,0,0,0
2024-12-10 19:39:37,52.46,30.24,287,2165,0,0,0,0,0,0,0,0,0,0
2024-12-10 19:39:42,52.46,30.23,286,2158,0,0,0,0,0,0,0,0,0,0
2024-12-10 19:39:47,52.42,30.22,285,2149,0,0,0,0,0,0,0,0,0,0
2024-12-10 19:39:52,52.42,30.25,284,2143,0,0,0,0,0,0,0,0,0,0
2024-12-10 19:39:57,52.42,30.24,284,2144,0,0,0,0,0,0,0,0,0,0
2024-12-10 19:40:02,52.4,30.24,285,2150,285,285,0,285,0,2150,2150,0,2150,0
2024-12-10 19:40:11,52.43,30.23,284,2143,0,0,0,0,0,0,0,0,0,0
2024-12-10 19:40:14,52.43,30.24,285,2147,0,0,0,0,0,0,0,0,0,0
2024-12-10 19:40:17,52.41,30.24,286,2160,0,0,0,0,0,0,0,0,0,0
2024-12-10 19:40:22,52.43,30.24,286,2161,0,0,0,0,0,0,0,0,0,0
2024-12-10 19:40:27,52.42,30.25,286,2156,0,0,0,0,0,0,0,0,0,0
2024-12-10 19:40:32,52.37,30.22,286,2159,0,0,0,0,0,0,0,0,0,0
2024-12-10 19:40:37,52.38,30.25,287,2167,0,0,0,0,0,0,0,0,0,0
2024-12-10 19:40:42,52.41,30.25,288,2175,0,0,0,0,0,0,0,0,0,0
2024-12-10 19:40:47,52.39,30.24,287,2167,0,0,0,0,0,0,0,0,0,0
2024-12-10 19:40:52,52.42,30.23,286,2158,0,0,0,0,0,0,0,0,0,0
2024-12-10 19:40:57,52.45,30.25,285,2151,0,0,0,0,0,0,0,0,0,0
2024-12-10 19:41:02,52.42,30.24,286,2160,0,0,0,0,0,0,0,0,0,0
2024-12-10 19:41:08,52.44,30.24,286,2159,0,0,0,0,0,0,0,0,0,0
2024-12-10 19:41:12,52.43,30.26,286,2156,0,0,0,0,0,0,0,0,0,0
2024-12-10 19:41:17,52.43,30.23,286,2162,0,0,0,0,0,0,0,0,0,0
2024-12-10 19:41:26,52.4,30.24,287,2163,0,0,0,0,0,0,0,0,0,0
2024-12-10 19:41:30,52.39,30.23,287,2165,0,0,0,0,0,0,0,0,0,0
2024-12-10 19:41:37,52.43,30.25,285,2148,0,0,0,0,0,0,0,0,0,0
2024-12-10 19:41:42,52.43,30.24,283,2136,0,0,0,0,0,0,0,0,0,0
2024-12-10 19:41:47,52.44,30.27,283,2133,0,0,0,0,0,0,0,0,0,0
2024-12-10 19:41:52,52.42,30.25,283,2132,0,0,0,0,0,0,0,0,0,0
2024-12-10 19:41:57,52.42,30.26,283,2134,0,0,0,0,0,0,0,0,0,0
2024-12-10 19:42:02,52.43,30.27,283,2134,0,0,0,0,0,0,0,0,0,0
2024-12-10 19:42:07,52.43,30.26,282,2126,0,0,0,0,0,0,0,0,0,0
2024-12-10 19:42:12,52.49,30.24,282,2126,0,0,0,0,0,0,0,0,0,0
2024-12-10 19:42:17,52.45,30.26,281,2124,0,0,0,0,0,0,0,0,0,0
2024-12-10 19:42:22,52.41,30.26,281,2120,0,0,0,0,0,0,0,0,0,0
2024-12-10 19:42:27,52.44,30.25,280,2110,0,0,0,0,0,0,0,0,0,0
2024-12-10 19:42:32,52.42,30.24,278,2100,0,0,0,278,0,0,0,0,2100,0
2024-12-10 19:42:37,52.43,30.25,276,2084,0,0,0,0,0,0,0,0,0,0
2024-12-10 19:42:43,52.44,30.25,273,2064,0,0,0,0,0,0,0,0,0,0
2024-12-10 19:42:47,52.46,30.25,271,2047,0,0,0,0,0,0,0,0,0,0
2024-12-10 19:42:52,52.46,30.24,269,2032,0,0,0,0,0,0,0,0,0,0
2024-12-10 19:42:57,52.47,30.24,269,2032,0,0,0,0,0,0,0,0,0,0
2024-12-10 19:43:02,52.47,30.25,269,2033,0,0,0,0,0,0,0,0,0,0
2024-12-10 19:43:07,52.44,30.25,271,2046,0,0,0,0,0,0,0,0,0,0
2024-12-10 19:43:12,52.46,30.25,273,2062,0,0,0,0,0,0,0,0,0,0
2024-12-10 19:43:20,52.46,30.24,275,2072,0,0,0,0,0,0,0,0,0,0
2024-12-10 19:43:23,52.49,30.24,276,2081,0,0,0,0,0,0,0,0,0,0
2024-12-10 19:43:27,52.47,30.26,277,2089,0,0,0,0,0,0,0,0,0,0
2024-12-10 19:43:32,52.4,30.26,277,2089,0,0,0,0,0,0,0,0,0,0
2024-12-10 19:43:37,52.44,30.25,274,2071,0,0,0,0,0,0,0,0,0,0
2024-12-10 19:43:42,52.44,30.25,270,2036,0,0,0,0,0,0,0,0,0,0
2024-12-10 19:43:47,52.47,30.25,267,2019,0,0,0,0,0,0,0,0,0,0
2024-12-10 19:43:52,52.44,30.26,267,2017,0,0,0,0,0,0,0,0,0,0
2024-12-10 19:43:57,52.43,30.26,267,2015,0,0,0,0,0,0,0,0,0,0
2024-12-10 19:44:02,52.4,30.24,267,2011,0,0,0,0,0,0,0,0,0,0
2024-12-10 19:44:07,52.39,30.24,265,2003,0,0,0,0,0,0,0,0,0,0
2024-12-10 19:44:12,52.35,30.24,263,1986,0,0,0,0,0,0,0,0,0,0
2024-12-10 19:44:22,52.34,30.25,261,1972,0,0,0,0,0,0,0,0,0,0
2024-12-10 19:44:25,52.37,30.25,262,1974,0,0,0,0,0,0,0,0,0,0
2024-12-10 19:44:29,52.36,30.24,261,1969,0,0,0,0,0,0,0,0,0,0
2024-12-10 19:44:32,52.34,30.25,257,1939,0,0,0,0,0,0,0,0,0,0
2024-12-10 19:44:37,52.35,30.23,254,1913,0,0,0,0,0,0,0,0,0,0
2024-12-10 19:44:42,52.33,30.25,251,1896,0,0,0,0,0,0,0,0,0,0
2024-12-10 19:44:47,52.36,30.24,253,1906,0,0,0,0,0,0,0,0,0,0
2024-12-10 19:44:52,52.32,30.25,253,1910,0,0,0,0,0,0,0,0,0,0
2024-12-10 19:44:57,52.3,30.24,250,1890,0,0,0,0,0,0,0,0,0,0
2024-12-10 19:45:02,52.24,30.24,247,1865,247,0,247,247,247,1865,0,1865,1865,1865
2024-12-10 19:45:07,52.24,30.25,244,1842,0,0,0,0,0,0,0,0,0,0
2024-12-10 19:45:12,52.24,30.25,242,1828,0,0,0,0,0,0,0,0,0,0
2024-12-10 19:45:17,52.22,30.24,242,1826,0,0,0,0,0,0,0,0,0,0
2024-12-10 19:45:22,52.19,30.23,241,1822,0,0,0,0,0,0,0,0,0,0
2024-12-10 19:45:27,52.18,30.26,241,1818,0,0,0,0,0,0,0,0,0,0
2024-12-10 19:45:32,52.19,30.26,240,1808,0,0,0,0,0,0,0,0,0,0
2024-12-10 19:45:37,52.21,30.25,238,1794,0,0,0,0,0,0,0,0,0,0
2024-12-10 19:45:42,52.17,30.27,234,1769,0,0,0,0,0,0,0,0,0,0
2024-12-10 19:45:47,52.17,30.25,233,1756,0,0,0,0,0,0,0,0,0,0
2024-12-10 19:45:52,52.13,30.23,232,1748,0,0,0,0,0,0,0,0,0,0
2024-12-10 19:45:57,52.11,30.24,232,1747,0,0,0,0,0,0,0,0,0,0
2024-12-10 19:46:02,52.13,30.27,229,1727,0,0,0,0,0,0,0,0,0,0
2024-12-10 19:46:07,52.04,30.23,226,1708,0,0,0,0,0,0,0,0,0,0
2024-12-10 19:46:12,52.07,30.24,226,1704,0,0,0,0,0,0,0,0,0,0
2024-12-10 19:46:17,52.06,30.23,225,1695,0,0,0,0,0,0,0,0,0,0
2024-12-10 19:46:22,52.04,30.24,224,1690,0,0,0,0,0,0,0,0,0,0
2024-12-10 19:46:31,52.05,30.25,224,1687,0,0,0,0,0,0,0,0,0,0
2024-12-10 19:46:37,51.98,30.27,224,1688,0,0,0,0,0,0,0,0,0,0
2024-12-10 19:46:42,51.94,30.27,223,1682,0,0,0,0,0,0,0,0,0,0
2024-12-10 19:46:47,51.94,30.27,220,1657,0,0,0,0,0,0,0,0,0,0
2024-12-10 19:46:52,51.97,30.26,218,1643,0,0,0,0,0,0,0,0,0,0
2024-12-10 19:46:57,51.97,30.26,217,1640,0,0,0,0,0,0,0,0,0,0
2024-12-10 19:47:02,52.01,30.27,218,1643,0,0,0,0,0,0,0,0,0,0
2024-12-10 19:47:11,52.04,30.29,220,1659,0,0,0,0,0,0,0,0,0,0
2024-12-10 19:47:15,52.07,30.27,223,1684,0,0,0,0,0,0,0,0,0,0
2024-12-10 19:47:19,52.11,30.26,226,1708,0,0,0,0,0,0,0,0,0,0
2024-12-10 19:47:23,52.06,30.25,227,1716,0,0,0,0,0,0,0,0,0,0
2024-12-10 19:47:27,51.97,30.26,225,1696,0,0,0,0,0,0,0,0,0,0
2024-12-10 19:47:32,51.87,30.27,218,1649,0,0,0,218,0,0,0,0,1649,0
2024-12-10 19:47:37,51.88,30.28,214,1617,0,0,0,0,0,0,0,0,0,0
2024-12-10 19:47:42,51.89,30.27,214,1615,0,0,0,0,0,0,0,0,0,0
2024-12-10 19:47:47,51.97,30.28,214,1613,0,0,0,0,0,0,0,0,0,0
2024-12-10 19:47:52,51.99,30.28,216,1629,0,0,0,0,0,0,0,0,0,0
2024-12-10 19:47:57,52.06,30.27,224,1691,0,0,0,0,0,0,0,0,0,0
2024-12-10 19:48:02,52.04,30.27,223,1685,0,0,0,0,0,0,0,0,0,0
2024-12-10 19:48:07,51.93,30.24,218,1646,0,0,0,0,0,0,0,0,0,0
2024-12-10 19:48:12,51.82,30.28,213,1608,0,0,0,0,0,0,0,0,0,0
2024-12-10 19:48:17,51.78,30.26,209,1581,0,0,0,0,0,0,0,0,0,0
2024-12-10 19:48:22,51.85,30.25,208,1567,0,0,0,0,0,0,0,0,0,0
2024-12-10 19:48:27,51.83,30.25,207,1564,0,0,0,0,0,0,0,0,0,0
2024-12-10 19:48:32,51.88,30.28,207,1562,0,0,0,0,0,0,0,0,0,0
2024-12-10 19:48:37,51.87,30.26,206,1551,0,0,0,0,0,0,0,0,0,0
2024-12-10 19:48:42,51.82,30.28,205,1545,0,0,0,0,0,0,0,0,0,0
2024-12-10 19:48:47,51.79,30.27,205,1545,0,0,0,0,0,0,0,0,0,0
2024-12-10 19:48:52,51.78,30.29,205,1545,0,0,0,0,0,0,0,0,0,0
2024-12-10 19:48:57,51.79,30.28,205,1547,0,0,0,0,0,0,0,0,0,0
2024-12-10 19:49:02,51.79,30.31,207,1559,0,0,0,0,0,0,0,0,0,0
2024-12-10 19:49:07,51.76,30.29,207,1565,0,0,0,0,0,0,0,0,0,0
2024-12-10 19:49:12,51.75,30.3,209,1577,0,0,0,0,0,0,0,0,0,0
2024-12-10 19:49:17,51.78,30.3,211,1589,0,0,0,0,0,0,0,0,0,0
2024-12-10 19:49:22,51.8,30.28,212,1599,0,0,0,0,0,0,0,0,0,0
2024-12-10 19:49:27,51.77,30.28,214,1618,0,0,0,0,0,0,0,0,0,0
2024-12-10 19:49:32,51.77,30.29,216,1628,0,0,0,0,0,0,0,0,0,0
2024-12-10 19:49:40,51.77,30.28,215,1621,0,0,0,0,0,0,0,0,0,0
2024-12-10 19:49:43,51.8,30.28,212,1600,0,0,0,0,0,0,0,0,0,0
2024-12-10 19:49:47,51.82,30.29,211,1594,0,0,0,0,0,0,0,0,0,0
2024-12-10 19:49:52,51.81,30.31,210,1586,0,0,0,0,0,0,0,0,0,0
2024-12-10 19:49:57,51.79,30.29,212,1601,0,0,0,0,0,0,0,0,0,0
2024-12-10 19:50:06,51.86,30.28,215,1623,215,215,0,215,0,1623,1623,0,1623,0
2024-12-10 19:50:11,51.93,30.29,220,1659,0,0,0,0,0,0,0,0,0,0
2024-12-10 19:50:15,51.96,30.29,223,1686,0,0,0,0,0,0,0,0,0,0
2024-12-10 19:50:18,51.96,30.31,226,1707,0,0,0,0,0,0,0,0,0,0
2024-12-10 19:50:23,52.03,30.29,229,1732,0,0,0,0,0,0,0,0,0,0
2024-12-10 19:50:27,52.0,30.31,232,1752,0,0,0,0,0,0,0,0,0,0
2024-12-10 19:50:32,52.06,30.28,234,1765,0,0,0,0,0,0,0,0,0,0
2024-12-10 19:50:37,52.08,30.31,234,1768,0,0,0,0,0,0,0,0,0,0
2024-12-10 19:50:42,52.08,30.29,236,1779,0,0,0,0,0,0,0,0,0,0
2024-12-10 19:50:47,52.06,30.31,237,1789,0,0,0,0,0,0,0,0,0,0
2024-12-10 19:50:52,52.0,30.3,237,1785,0,0,0,0,0,0,0,0,0,0
2024-12-10 19:50:57,51.95,30.3,235,1771,0,0,0,0,0,0,0,0,0,0
2024-12-10 19:51:02,51.91,30.32,233,1760,0,0,0,0,0,0,0,0,0,0
2024-12-10 19:51:07,51.89,30.29,230,1736,0,0,0,0,0,0,0,0,0,0
2024-12-10 19:51:13,51.9,30.3,227,1715,0,0,0,0,0,0,0,0,0,0
2024-12-10 19:51:23,51.98,30.29,226,1702,0,0,0,0,0,0,0,0,0,0
2024-12-10 19:51:27,52.07,30.3,229,1726,0,0,0,0,0,0,0,0,0,0
2024-12-10 19:51:32,52.08,30.34,231,1741,0,0,0,0,0,0,0,0,0,0
2024-12-10 19:51:37,52.07,30.31,231,1747,0,0,0,0,0,0,0,0,0,0
2024-12-10 19:51:42,52.05,30.29,233,1757,0,0,0,0,0,0,0,0,0,0
2024-12-10 19:51:47,52.01,30.32,233,1760,0,0,0,0,0,0,0,0,0,0
2024-12-10 19:51:52,51.95,30.31,234,1762,0,0,0,0,0,0,0,0,0,0
2024-12-10 19:51:57,51.95,30.3,232,1750,0,0,0,0,0,0,0,0,0,0
2024-12-10 19:52:02,52.0,30.32,232,1753,0,0,0,0,0,0,0,0,0,0
2024-12-10 19:52:07,52.04,30.31,234,1764,0,0,0,0,0,0,0,0,0,0
2024-12-10 19:52:12,52.08,30.32,235,1775,0,0,0,0,0,0,0,0,0,0
2024-12-10 19:52:17,52.07,30.3,235,1776,0,0,0,0,0,0,0,0,0,0
2024-12-10 19:52:22,52.07,30.31,235,1773,0,0,0,0,0,0,0,0,0,0
2024-12-10 19:52:27,52.1,30.31,235,1775,0,0,0,0,0,0,0,0,0,0
2024-12-10 19:52:32,52.09,30.32,235,1774,0,0,0,235,235,0,0,0,1774,1774
2024-12-10 19:52:36,52.06,30.33,236,1781,0,0,0,0,0,0,0,0,0,0
2024-12-10 19:52:42,52.03,30.32,235,1777,0,0,0,0,0,0,0,0,0,0
2024-12-10 19:52:50,52.05,30.33,235,1771,0,0,0,0,0,0,0,0,0,0
2024-12-10 19:52:54,52.01,30.33,235,1774,0,0,0,0,0,0,0,0,0,0
2024-12-10 19:53:03,52.03,30.32,236,1780,0,0,0,0,0,0,0,0,0,0
2024-12-10 19:53:05,52.04,30.31,234,1770,0,0,0,0,0,0,0,0,0,0
2024-12-10 19:53:09,52.04,30.31,233,1760,0,0,0,0,0,0,0,0,0,0
2024-12-10 19:53:13,52.0,30.33,233,1762,0,0,0,0,0,0,0,0,0,0
2024-12-10 19:53:17,52.04,30.32,233,1760,0,0,0,0,0,0,0,0,0,0
2024-12-10 19:53:22,52.06,30.31,234,1765,0,0,0,0,0,0,0,0,0,0
2024-12-10 19:53:27,52.06,30.31,234,1765,0,0,0,0,0,0,0,0,0,0
2024-12-10 19:53:31,52.07,30.31,235,1775,0,0,0,0,0,0,0,0,0,0
2024-12-10 19:53:38,52.11,30.32,235,1777,0,0,0,0,0,0,0,0,0,0
2024-12-10 19:53:41,52.13,30.33,234,1768,0,0,0,0,0,0,0,0,0,0
2024-12-10 19:53:47,52.16,30.35,235,1773,0,0,0,0,0,0,0,0,0,0
2024-12-10 19:53:52,52.2,30.32,235,1776,0,0,0,0,0,0,0,0,0,0
2024-12-10 19:53:56,52.23,30.36,235,1773,0,0,0,0,0,0,0,0,0,0
2024-12-10 19:54:02,52.18,30.32,234,1763,0,0,0,0,0,0,0,0,0,0
2024-12-10 19:54:06,52.18,30.3,233,1758,0,0,0,0,0,0,0,0,0,0
2024-12-10 19:54:11,52.22,30.32,232,1750,0,0,0,0,0,0,0,0,0,0
2024-12-10 19:54:16,52.22,30.34,232,1752,0,0,0,0,0,0,0,0,0,0
2024-12-10 19:54:22,52.26,30.33,234,1764,0,0,0,0,0,0,0,0,0,0
2024-12-10 19:54:27,52.25,30.32,236,1782,0,0,0,0,0,0,0,0,0,0
2024-12-10 19:54:31,52.24,30.34,239,1803,0,0,0,0,0,0,0,0,0,0
2024-12-10 19:54:36,52.26,30.32,240,1815,0,0,0,0,0,0,0,0,0,0
2024-12-10 19:54:41,52.32,30.33,242,1826,0,0,0,0,0,0,0,0,0,0
2024-12-10 19:54:46,52.3,30.34,243,1836,0,0,0,0,0,0,0,0,0,0
2024-12-10 19:54:52,52.24,30.34,244,1843,0,0,0,0,0,0,0,0,0,0
2024-12-10 19:54:56,52.27,30.36,244,1841,0,0,0,0,0,0,0,0,0,0
2024-12-10 19:55:02,52.27,30.35,244,1842,244,0,0,244,0,1842,0,0,1842,0
2024-12-10 19:55:06,52.29,30.34,243,1837,0,0,0,0,0,0,0,0,0,0
2024-12-10 19:55:12,52.31,30.34,244,1845,0,0,0,0,0,0,0,0,0,0
2024-12-10 19:55:16,52.33,30.34,244,1844,0,0,0,0,0,0,0,0,0,0
2024-12-10 19:55:22,52.27,30.35,244,1844,0,0,0,0,0,0,0,0,0,0
2024-12-10 19:55:26,52.27,30.36,242,1824,0,0,0,0,0,0,0,0,0,0
2024-12-10 19:55:33,52.23,30.35,239,1807,0,0,0,0,0,0,0,0,0,0
2024-12-10 19:55:37,52.25,30.36,237,1791,0,0,0,0,0,0,0,0,0,0
2024-12-10 19:55:41,52.22,30.35,237,1788,0,0,0,0,0,0,0,0,0,0
2024-12-10 19:55:51,52.24,30.34,237,1792,0,0,0,0,0,0,0,0,0,0
2024-12-10 19:55:57,52.17,30.37,239,1801,0,0,0,0,0,0,0,0,0,0
2024-12-10 19:56:01,52.21,30.33,238,1798,0,0,0,0,0,0,0,0,0,0
2024-12-10 19:56:07,52.19,30.35,238,1798,0,0,0,0,0,0,0,0,0,0
2024-12-10 19:56:12,52.21,30.33,239,1801,0,0,0,0,0,0,0,0,0,0
2024-12-10 19:56:16,52.26,30.35,239,1804,0,0,0,0,0,0,0,0,0,0
2024-12-10 19:56:19,52.28,30.33,238,1796,0,0,0,0,0,0,0,0,0,0
2024-12-10 19:56:22,52.2,30.36,239,1802,0,0,0,0,0,0,0,0,0,0
2024-12-10 19:56:27,52.21,30.35,240,1813,0,0,0,0,0,0,0,0,0,0
2024-12-10 19:56:31,52.21,30.36,241,1821,0,0,0,0,0,0,0,0,0,0
2024-12-10 19:56:36,52.23,30.36,243,1832,0,0,0,0,0,0,0,0,0,0
2024-12-10 19:56:41,52.28,30.33,242,1825,0,0,0,0,0,0,0,0,0,0
2024-12-10 19:56:46,52.26,30.35,241,1821,0,0,0,0,0,0,0,0,0,0
2024-12-10 19:56:53,52.25,30.35,240,1812,0,0,0,0,0,0,0,0,0,0
2024-12-10 19:56:57,52.24,30.36,240,1813,0,0,0,0,0,0,0,0,0,0
2024-12-10 19:57:01,52.21,30.33,239,1802,0,0,0,0,0,0,0,0,0,0
2024-12-10 19:57:06,52.24,30.34,240,1812,0,0,0,0,0,0,0,0,0,0
2024-12-10 19:57:11,52.23,30.35,241,1817,0,0,0,0,0,0,0,0,0,0
2024-12-10 19:57:17,52.26,30.32,239,1803,0,0,0,0,0,0,0,0,0,0
2024-12-10 19:57:22,52.29,30.34,237,1791,0,0,0,0,0,0,0,0,0,0
2024-12-10 19:57:27,52.25,30.33,235,1775,0,0,0,0,0,0,0,0,0,0
2024-12-10 19:57:31,52.31,30.32,235,1772,0,0,0,235,0,0,0,0,1772,0
2024-12-10 19:57:36,52.35,30.32,234,1769,0,0,0,0,0,0,0,0,0,0
2024-12-10 19:57:41,52.36,30.34,233,1762,0,0,0,0,0,0,0,0,0,0
2024-12-10 19:57:46,52.42,30.32,234,1767,0,0,0,0,0,0,0,0,0,0
2024-12-10 19:57:51,52.15,30.3,230,1736,0,0,0,0,0,0,0,0,0,0
2024-12-10 19:57:56,51.63,30.3,219,1652,0,0,0,0,0,0,0,0,0,0
2024-12-10 19:58:01,50.61,30.29,139,1051,0,0,0,0,0,0,0,0,0,0
2024-12-10 19:58:06,50.12,30.27,120,906,0,0,0,0,0,0,0,0,0,0
2024-12-10 19:58:11,50.44,30.25,121,912,0,0,0,0,0,0,0,0,0,0
2024-12-10 19:58:16,50.78,30.28,141,1064,0,0,0,0,0,0,0,0,0,0
2024-12-10 19:58:21,50.61,30.28,145,1092,0,0,0,0,0,0,0,0,0,0
2024-12-10 19:58:26,50.37,30.27,140,1056,0,0,0,0,0,0,0,0,0,0
2024-12-10 19:58:31,49.87,30.27,137,1031,0,0,0,0,0,0,0,0,0,0
2024-12-10 19:58:41,49.79,30.27,121,914,0,0,0,0,0,0,0,0,0,0
2024-12-10 19:58:44,50.11,30.24,151,1142,0,0,0,0,0,0,0,0,0,0
2024-12-10 19:58:48,50.41,30.25,155,1170,0,0,0,0,0,0,0,0,0,0
2024-12-10 19:58:51,50.65,30.24,153,1156,0,0,0,0,0,0,0,0,0,0
2024-12-10 19:58:56,50.72,30.27,149,1125,0,0,0,0,0,0,0,0,0,0
2024-12-10 19:59:01,50.22,30.25,124,939,0,0,0,0,0,0,0,0,0,0
2024-12-10 19:59:09,50.15,30.24,127,961,0,0,0,0,0,0,0,0,0,0
2024-12-10 19:59:12,50.08,30.22,132,998,0,0,0,0,0,0,0,0,0,0
2024-12-10 19:59:16,49.9,30.25,124,934,0,0,0,0,0,0,0,0,0,0
2024-12-10 19:59:21,49.52,30.21,122,924,0,0,0,0,0,0,0,0,0,0
2024-12-10 19:59:26,48.96,30.21,119,901,0,0,0,0,0,0,0,0,0,0
2024-12-10 19:59:31,48.98,30.21,108,812,0,0,0,0,0,0,0,0,0,0
2024-12-10 19:59:36,48.79,30.18,98,741,0,0,0,0,0,0,0,0,0,0
2024-12-10 19:59:41,49.02,30.21,96,726,0,0,0,0,0,0,0,0,0,0
2024-12-10 19:59:46,49.37,30.19,100,751,0,0,0,0,0,0,0,0,0,0
2024-12-10 19:59:51,49.54,30.17,110,832,0,0,0,0,0,0,0,0,0,0
2024-12-10 19:59:56,49.56,30.18,119,898,0,0,0,0,0,0,0,0,0,0
2024-12-10 20:00:01,49.52,30.16,120,904,120,120,120,120,120,904,904,904,904,904
2024-12-10 20:00:06,49.14,30.17,119,899,0,0,0,0,0,0,0,0,0,0
2024-12-10 20:00:11,49.05,30.16,111,837,0,0,0,0,0,0,0,0,0,0
2024-12-10 20:00:16,49.25,30.18,104,784,0,0,0,0,0,0,0,0,0,0
2024-12-10 20:00:21,49.65,30.14,106,797,0,0,0,0,0,0,0,0,0,0
2024-12-10 20:00:26,49.17,30.13,104,785,0,0,0,0,0,0,0,0,0,0
2024-12-10 20:00:31,48.81,30.15,91,686,0,0,0,0,0,0,0,0,0,0
2024-12-10 20:00:37,48.47,30.13,86,650,0,0,0,0,0,0,0,0,0,0
2024-12-10 20:00:43,48.4,30.15,83,623,0,0,0,0,0,0,0,0,0,0
2024-12-10 20:00:46,48.24,30.13,80,603,0,0,0,0,0,0,0,0,0,0
2024-12-10 20:00:51,48.51,30.16,78,592,0,0,0,0,0,0,0,0,0,0
2024-12-10 20:00:56,48.67,30.13,78,587,0,0,0,0,0,0,0,0,0,0
2024-12-10 20:01:01,48.23,30.12,78,589,0,0,0,0,0,0,0,0,0,0
2024-12-10 20:01:06,48.11,30.12,75,564,0,0,0,0,0,0,0,0,0,0
2024-12-10 20:01:11,48.32,30.1,65,490,0,0,0,0,0,0,0,0,0,0
2024-12-10 20:01:16,48.2,30.1,63,478,0,0,0,0,0,0,0,0,0,0
2024-12-10 20:01:21,48.05,30.1,62,469,0,0,0,0,0,0,0,0,0,0
2024-12-10 20:01:31,47.95,30.08,61,460,0,0,0,0,0,0,0,0,0,0
2024-12-10 20:01:35,48.33,30.1,61,459,0,0,0,0,0,0,0,0,0,0
2024-12-10 20:01:39,48.38,30.1,63,477,0,0,0,0,0,0,0,0,0,0
2024-12-10 20:01:43,48.02,30.06,65,492,0,0,0,0,0,0,0,0,0,0
2024-12-10 20:01:47,47.91,30.06,64,487,0,0,0,0,0,0,0,0,0,0
2024-12-10 20:01:51,47.93,30.06,64,479,0,0,0,0,0,0,0,0,0,0
2024-12-10 20:01:57,48.25,30.03,69,523,0,0,0,0,0,0,0,0,0,0
2024-12-10 20:02:01,48.25,30.04,74,560,0,0,0,0,0,0,0,0,0,0
2024-12-10 20:02:06,48.0,30.06,75,570,0,0,0,0,0,0,0,0,0,0
2024-12-10 20:02:11,47.66,30.06,68,516,0,0,0,0,0,0,0,0,0,0
2024-12-10 20:02:19,47.82,30.06,62,467,0,0,0,0,0,0,0,0,0,0
2024-12-10 20:02:24,47.78,30.04,59,445,0,0,0,0,0,0,0,0,0,0
2024-12-10 20:02:27,47.35,30.03,54,405,0,0,0,0,0,0,0,0,0,0
2024-12-10 20:02:31,47.52,30.02,52,390,0,0,0,52,0,0,0,0,390,0
2024-12-10 20:02:36,47.88,30.01,52,391,0,0,0,0,0,0,0,0,0,0
2024-12-10 20:02:41,47.56,30.02,52,393,0,0,0,0,0,0,0,0,0,0
2024-12-10 20:02:46,47.31,30.0,50,374,0,0,0,0,0,0,0,0,0,0
2024-12-10 20:02:51,47.45,29.99,48,359,0,0,0,0,0,0,0,0,0,0
2024-12-10 20:02:56,47.46,29.99,47,352,0,0,0,0,0,0,0,0,0,0
2024-12-10 20:03:01,47.65,29.99,47,352,0,0,0,0,0,0,0,0,0,0
2024-12-10 20:03:06,47.87,29.99,49,371,0,0,0,0,0,0,0,0,0,0
2024-12-10 20:03:11,47.99,30.02,54,409,0,0,0,0,0,0,0,0,0,0
2024-12-10 20:03:16,48.11,30.01,58,435,0,0,0,0,0,0,0,0,0,0
2024-12-10 20:03:21,48.1,30.0,60,451,0,0,0,0,0,0,0,0,0,0
2024-12-10 20:03:26,48.27,30.03,62,469,0,0,0,0,0,0,0,0,0,0
2024-12-10 20:03:31,48.34,30.01,64,487,0,0,0,0,0,0,0,0,0,0
2024-12-10 20:03:36,47.97,30.0,66,496,0,0,0,0,0,0,0,0,0,0
2024-12-10 20:03:41,47.73,29.99,64,484,0,0,0,0,0,0,0,0,0,0
2024-12-10 20:03:46,47.5,30.0,61,457,0,0,0,0,0,0,0,0,0,0
2024-12-10 20:03:51,47.46,29.99,55,413,0,0,0,0,0,0,0,0,0,0
2024-12-10 20:03:56,47.53,30.0,50,379,0,0,0,0,0,0,0,0,0,0
2024-12-10 20:04:01,47.47,29.98,48,359,0,0,0,0,0,0,0,0,0,0
2024-12-10 20:04:06,47.66,29.98,46,348,0,0,0,0,0,0,0,0,0,0
2024-12-10 20:04:11,47.64,30.0,45,340,0,0,0,0,0,0,0,0,0,0
2024-12-10 20:04:21,47.57,29.99,45,336,0,0,0,0,0,0,0,0,0,0
2024-12-10 20:04:25,47.64,29.99,44,334,0,0,0,0,0,0,0,0,0,0
2024-12-10 20:04:30,47.7,30.02,44,331,0,0,0,0,0,0,0,0,0,0
2024-12-10 20:04:36,47.51,29.99,44,332,0,0,0,0,0,0,0,0,0,0
2024-12-10 20:04:41,47.44,30.02,43,327,0,0,0,0,0,0,0,0,0,0
2024-12-10 20:04:46,47.51,29.99,43,325,0,0,0,0,0,0,0,0,0,0
2024-12-10 20:04:51,47.69,30.02,43,323,0,0,0,0,0,0,0,0,0,0
2024-12-10 20:04:56,47.59,30.02,43,325,0,0,0,0,0,0,0,0,0,0
2024-12-10 20:05:01,47.51,30.0,44,333,44,0,0,44,0,333,0,0,333,0
2024-12-10 20:05:06,47.48,30.01,44,336,0,0,0,0,0,0,0,0,0,0
2024-12-10 20:05:11,47.62,29.99,44,334,0,0,0,0,0,0,0,0,0,0
2024-12-10 20:05:16,47.67,29.99,45,337,0,0,0,0,0,0,0,0,0,0
2024-12-10 20:05:21,47.65,30.0,45,340,0,0,0,0,0,0,0,0,0,0
2024-12-10 20:05:30,47.62,30.01,46,347,0,0,0,0,0,0,0,0,0,0
2024-12-10 20:05:33,47.61,29.99,46,349,0,0,0,0,0,0,0,0,0,0
2024-12-10 20:05:37,47.62,30.0,47,351,0,0,0,0,0,0,0,0,0,0
2024-12-10 20:05:41,47.75,29.98,47,353,0,0,0,0,0,0,0,0,0,0
2024-12-10 20:05:46,47.71,29.98,48,359,0,0,0,0,0,0,0,0,0,0
2024-12-10 20:05:51,47.51,29.99,48,360,0,0,0,0,0,0,0,0,0,0
2024-12-10 20:05:56,47.58,29.98,47,354,0,0,0,0,0,0,0,0,0,0
2024-12-10 20:06:01,47.6,30.0,46,346,0,0,0,0,0,0,0,0,0,0
2024-12-10 20:06:06,47.63,29.97,46,348,0,0,0,0,0,0,0,0,0,0
2024-12-10 20:06:11,47.8,30.02,48,363,0,0,0,0,0,0,0,0,0,0
2024-12-10 20:06:16,47.93,30.03,50,379,0,0,0,0,0,0,0,0,0,0
2024-12-10 20:06:21,47.82,30.02,51,386,0,0,0,0,0,0,0,0,0,0
2024-12-10 20:06:26,47.75,30.02,51,381,0,0,0,0,0,0,0,0,0,0
2024-12-10 20:06:31,47.62,30.03,49,366,0,0,0,0,0,0,0,0,0,0
2024-12-10 20:06:36,47.7,30.01,47,354,0,0,0,0,0,0,0,0,0,0
2024-12-10 20:06:41,47.7,30.01,46,344,0,0,0,0,0,0,0,0,0,0
2024-12-10 20:06:46,47.45,30.02,45,338,0,0,0,0,0,0,0,0,0,0
2024-12-10 20:06:51,47.27,30.02,44,329,0,0,0,0,0,0,0,0,0,0
2024-12-10 20:06:56,47.15,30.01,42,315,0,0,0,0,0,0,0,0,0,0
2024-12-10 20:07:01,47.19,30.01,40,305,0,0,0,0,0,0,0,0,0,0
2024-12-10 20:07:06,47.21,30.04,39,297,0,0,0,0,0,0,0,0,0,0
2024-12-10 20:07:16,47.38,30.01,39,292,0,0,0,0,0,0,0,0,0,0
2024-12-10 20:07:20,47.45,30.01,38,287,0,0,0,0,0,0,0,0,0,0
2024-12-10 20:07:23,47.48,30.02,37,283,0,0,0,0,0,0,0,0,0,0
2024-12-10 20:07:28,47.41,30.0,36,272,0,0,0,0,0,0,0,0,0,0
2024-12-10 20:07:31,47.33,30.0,35,265,0,0,0,35,35,0,0,0,265,265
2024-12-10 20:07:36,47.23,30.02,35,261,0,0,0,0,0,0,0,0,0,0
2024-12-10 20:07:41,47.01,29.98,34,254,0,0,0,0,0,0,0,0,0,0
2024-12-10 20:07:46,46.93,30.01,33,249,0,0,0,0,0,0,0,0,0,0
2024-12-10 20:07:51,47.05,30.01,33,246,0,0,0,0,0,0,0,0,0,0
2024-12-10 20:07:57,46.92,29.98,32,240,0,0,0,0,0,0,0,0,0,0
2024-12-10 20:08:01,46.85,29.99,31,237,0,0,0,0,0,0,0,0,0,0
2024-12-10 20:08:06,46.81,30.0,31,233,0,0,0,0,0,0,0,0,0,0
2024-12-10 20:08:11,46.93,30.01,32,243,0,0,0,0,0,0,0,0,0,0
2024-12-10 20:08:16,47.22,30.0,40,299,0,0,0,0,0,0,0,0,0,0
2024-12-10 20:08:21,47.4,30.01,42,317,0,0,0,0,0,0,0,0,0,0
2024-12-10 20:08:26,47.5,30.01,47,353,0,0,0,0,0,0,0,0,0,0
2024-12-10 20:08:31,47.47,30.0,47,356,0,0,0,0,0,0,0,0,0,0
2024-12-10 20:08:39,47.4,29.98,45,339,0,0,0,0,0,0,0,0,0,0
2024-12-10 20:08:43,47.53,29.98,43,323,0,0,0,0,0,0,0,0,0,0
2024-12-10 20:08:47,47.47,30.01,40,301,0,0,0,0,0,0,0,0,0,0
2024-12-10 20:08:51,47.11,30.02,39,294,0,0,0,0,0,0,0,0,0,0
2024-12-10 20:08:56,47.01,30.01,38,286,0,0,0,0,0,0,0,0,0,0
2024-12-10 20:09:01,46.96,30.02,36,275,0,0,0,0,0,0,0,0,0,0
2024-12-10 20:09:06,47.01,30.0,35,266,0,0,0,0,0,0,0,0,0,0
2024-12-10 20:09:11,47.15,30.03,34,256,0,0,0,0,0,0,0,0,0,0
2024-12-10 20:09:17,47.27,29.99,33,247,0,0,0,0,0,0,0,0,0,0
2024-12-10 20:09:22,47.41,29.99,33,252,0,0,0,0,0,0,0,0,0,0
2024-12-10 20:09:26,47.41,29.98,39,298,0,0,0,0,0,0,0,0,0,0
2024-12-10 20:09:31,47.37,30.01,40,301,0,0,0,0,0,0,0,0,0,0
2024-12-10 20:09:38,47.28,30.0,40,300,0,0,0,0,0,0,0,0,0,0
2024-12-10 20:09:41,47.21,30.01,39,295,0,0,0,0,0,0,0,0,0,0
2024-12-10 20:09:46,47.21,30.01,38,287,0,0,0,0,0,0,0,0,0,0
2024-12-10 20:09:51,47.23,30.01,37,278,0,0,0,0,0,0,0,0,0,0
2024-12-10 20:09:56,47.07,29.98,36,271,0,0,0,0,0,0,0,0,0,0
2024-12-10 20:10:06,47.0,29.98,35,261,35,35,0,35,0,261,261,0,261,0
2024-12-10 20:10:09,46.95,29.99,34,255,0,0,0,0,0,0,0,0,0,0
2024-12-10 20:10:13,47.06,29.98,33,252,0,0,0,0,0,0,0,0,0,0
2024-12-10 20:10:16,47.17,29.98,33,250,0,0,0,0,0,0,0,0,0,0
2024-12-10 20:10:21,47.23,29.99,33,246,0,0,0,0,0,0,0,0,0,0
2024-12-10 20:10:26,47.04,30.0,31,238,0,0,0,0,0,0,0,0,0,0
2024-12-10 20:10:32,47.09,30.0,31,231,0,0,0,0,0,0,0,0,0,0
2024-12-10 20:10:36,47.1,30.01,31,232,0,0,0,0,0,0,0,0,0,0
2024-12-10 20:10:41,46.99,29.97,31,234,0,0,0,0,0,0,0,0,0,0
2024-12-10 20:10:46,46.78,29.99,31,231,0,0,0,0,0,0,0,0,0,0
2024-12-10 20:10:51,46.6,29.97,30,224,0,0,0,0,0,0,0,0,0,0
2024-12-10 20:10:56,46.83,29.97,29,217,0,0,0,0,0,0,0,0,0,0
2024-12-10 20:11:01,46.97,29.97,28,213,0,0,0,0,0,0,0,0,0,0
2024-12-10 20:11:06,47.06,29.97,28,210,0,0,0,0,0,0,0,0,0,0
2024-12-10 20:11:11,47.06,29.97,28,209,0,0,0,0,0,0,0,0,0,0
2024-12-10 20:11:16,47.07,29.98,28,214,0,0,0,0,0,0,0,0,0,0
2024-12-10 20:11:21,47.05,29.97,28,215,0,0,0,0,0,0,0,0,0,0
2024-12-10 20:11:26,47.02,29.98,28,214,0,0,0,0,0,0,0,0,0,0
2024-12-10 20:11:31,46.9,29.96,28,214,0,0,0,0,0,0,0,0,0,0
2024-12-10 20:11:36,46.92,29.96,28,214,0,0,0,0,0,0,0,0,0,0
2024-12-10 20:11:47,47.01,29.97,28,215,0,0,0,0,0,0,0,0,0,0
2024-12-10 20:11:51,47.09,29.95,29,219,0,0,0,0,0,0,0,0,0,0
2024-12-10 20:11:56,47.04,29.96,29,218,0,0,0,0,0,0,0,0,0,0
2024-12-10 20:11:59,47.02,29.97,29,220,0,0,0,0,0,0,0,0,0,0
2024-12-10 20:12:03,47.0,29.97,30,227,0,0,0,0,0,0,0,0,0,0
2024-12-10 20:12:08,47.02,29.96,31,233,0,0,0,0,0,0,0,0,0,0
2024-12-10 20:12:11,47.1,29.98,33,247,0,0,0,0,0,0,0,0,0,0
2024-12-10 20:12:16,47.03,29.97,34,259,0,0,0,0,0,0,0,0,0,0
2024-12-10 20:12:21,46.9,29.98,34,260,0,0,0,0,0,0,0,0,0,0
2024-12-10 20:12:26,46.88,29.98,33,249,0,0,0,0,0,0,0,0,0,0
2024-12-10 20:12:31,46.91,29.96,30,227,0,0,0,30,0,0,0,0,227,0
2024-12-10 20:12:36,46.86,29.97,28,212,0,0,0,0,0,0,0,0,0,0
2024-12-10 20:12:41,47.04,29.98,27,203,0,0,0,0,0,0,0,0,0,0
2024-12-10 20:12:46,47.15,29.96,26,196,0,0,0,0,0,0,0,0,0,0
2024-12-10 20:12:55,46.91,29.94,25,190,0,0,0,0,0,0,0,0,0,0
2024-12-10 20:12:59,46.64,29.96,25,188,0,0,0,0,0,0,0,0,0,0
2024-12-10 20:13:02,46.62,29.97,24,183,0,0,0,0,0,0,0,0,0,0
2024-12-10 20:13:07,46.74,29.95,23,176,0,0,0,0,0,0,0,0,0,0
2024-12-10 20:13:11,46.77,29.94,23,173,0,0,0,0,0,0,0,0,0,0
2024-12-10 20:13:16,46.84,29.98,23,174,0,0,0,0,0,0,0,0,0,0
2024-12-10 20:13:21,46.85,29.95,23,176,0,0,0,0,0,0,0,0,0,0
2024-12-10 20:13:26,46.85,29.94,25,188,0,0,0,0,0,0,0,0,0,0
2024-12-10 20:13:31,46.97,29.95,28,209,0,0,0,0,0,0,0,0,0,0
2024-12-10 20:13:37,46.95,29.95,28,214,0,0,0,0,0,0,0,0,0,0
2024-12-10 20:13:41,47.09,29.95,43,324,0,0,0,0,0,0,0,0,0,0
2024-12-10 20:13:46,47.19,29.95,42,316,0,0,0,0,0,0,0,0,0,0
2024-12-10 20:13:51,47.25,29.96,41,310,0,0,0,0,0,0,0,0,0,0
2024-12-10 20:13:56,47.06,29.96,40,298,0,0,0,0,0,0,0,0,0,0
2024-12-10 20:14:02,46.95,29.97,39,291,0,0,0,0,0,0,0,0,0,0
2024-12-10 20:14:06,47.16,29.96,37,280,0,0,0,0,0,0,0,0,0,0
2024-12-10 20:14:11,47.4,29.96,36,272,0,0,0,0,0,0,0,0,0,0
2024-12-10 20:14:16,47.48,29.96,38,286,0,0,0,0,0,0,0,0,0,0
2024-12-10 20:14:22,47.44,29.95,40,302,0,0,0,0,0,0,0,0,0,0
2024-12-10 20:14:26,47.37,29.96,41,307,0,0,0,0,0,0,0,0,0,0
2024-12-10 20:14:31,47.33,29.96,40,302,0,0,0,0,0,0,0,0,0,0
2024-12-10 20:14:36,47.46,29.98,39,294,0,0,0,0,0,0,0,0,0,0
2024-12-10 20:14:41,47.6,29.98,38,287,0,0,0,0,0,0,0,0,0,0
2024-12-10 20:14:46,47.55,29.97,38,288,0,0,0,0,0,0,0,0,0,0
2024-12-10 20:14:51,47.62,29.96,38,291,0,0,0,0,0,0,0,0,0,0
2024-12-10 20:14:58,48.35,29.97,51,381,0,0,0,0,0,0,0,0,0,0
2024-12-10 20:15:02,48.79,29.97,71,537,71,0,71,71,71,537,0,537,537,537
2024-12-10 20:15:06,48.86,29.99,76,572,0,0,0,0,0,0,0,0,0,0
2024-12-10 20:15:11,48.95,30.0,75,568,0,0,0,0,0,0,0,0,0,0
2024-12-10 20:15:16,49.32,29.98,76,572,0,0,0,0,0,0,0,0,0,0
2024-12-10 20:15:21,49.18,29.99,77,580,0,0,0,0,0,0,0,0,0,0
2024-12-10 20:15:26,48.56,30.0,72,542,0,0,0,0,0,0,0,0,0,0
2024-12-10 20:15:31,48.25,29.99,63,477,0,0,0,0,0,0,0,0,0,0
2024-12-10 20:15:36,48.05,30.02,57,428,0,0,0,0,0,0,0,0,0,0
2024-12-10 20:15:47,48.19,29.99,50,378,0,0,0,0,0,0,0,0,0,0
2024-12-10 20:15:51,48.26,30.01,55,418,0,0,0,0,0,0,0,0,0,0
2024-12-10 20:15:54,47.62,29.98,43,327,0,0,0,0,0,0,0,0,0,0
2024-12-10 20:15:58,47.11,29.99,36,270,0,0,0,0,0,0,0,0,0,0
2024-12-10 20:16:02,47.27,30.01,32,242,0,0,0,0,0,0,0,0,0,0
2024-12-10 20:16:06,47.13,29.99,31,232,0,0,0,0,0,0,0,0,0,0
2024-12-10 20:16:11,47.08,30.03,29,220,0,0,0,0,0,0,0,0,0,0
2024-12-10 20:16:16,47.08,30.02,28,211,0,0,0,0,0,0,0,0,0,0
2024-12-10 20:16:21,46.96,30.02,27,202,0,0,0,0,0,0,0,0,0,0
2024-12-10 20:16:26,46.97,30.0,26,195,0,0,0,0,0,0,0,0,0,0
2024-12-10 20:16:31,47.1,29.98,25,190,0,0,0,0,0,0,0,0,0,0
2024-12-10 20:16:36,47.36,30.0,32,241,0,0,0,0,0,0,0,0,0,0
2024-12-10 20:16:41,47.5,30.02,39,293,0,0,0,0,0,0,0,0,0,0
2024-12-10 20:16:46,47.44,29.99,40,300,0,0,0,0,0,0,0,0,0,0
2024-12-10 20:16:51,47.28,30.0,40,298,0,0,0,0,0,0,0,0,0,0
2024-12-10 20:16:56,47.42,30.03,38,287,0,0,0,0,0,0,0,0,0,0
2024-12-10 20:17:01,47.36,30.02,37,279,0,0,0,0,0,0,0,0,0,0
2024-12-10 20:17:06,47.28,30.01,37,276,0,0,0,0,0,0,0,0,0,0
2024-12-10 20:17:11,47.15,30.02,36,270,0,0,0,0,0,0,0,0,0,0
2024-12-10 20:17:16,47.19,30.03,33,252,0,0,0,0,0,0,0,0,0,0
2024-12-10 20:17:21,47.23,30.03,32,241,0,0,0,0,0,0,0,0,0,0
2024-12-10 20:17:26,47.26,30.02,31,231,0,0,0,0,0,0,0,0,0,0
2024-12-10 20:17:31,47.1,30.02,30,226,0,0,0,30,0,0,0,0,226,0
2024-12-10 20:17:36,46.92,30.01,29,220,0,0,0,0,0,0,0,0,0,0
2024-12-10 20:17:41,46.81,30.03,26,200,0,0,0,0,0,0,0,0,0,0
2024-12-10 20:17:46,46.98,30.02,25,187,0,0,0,0,0,0,0,0,0,0
2024-12-10 20:17:51,47.07,30.02,25,189,0,0,0,0,0,0,0,0,0,0
2024-12-10 20:17:56,47.03,30.02,25,192,0,0,0,0,0,0,0,0,0,0
2024-12-10 20:18:01,46.95,30.03,25,191,0,0,0,0,0,0,0,0,0,0
2024-12-10 20:18:09,47.01,30.05,25,187,0,0,0,0,0,0,0,0,0,0
2024-12-10 20:18:14,47.03,30.04,25,186,0,0,0,0,0,0,0,0,0,0
2024-12-10 20:18:18,47.06,30.04,24,183,0,0,0,0,0,0,0,0,0,0
2024-12-10 20:18:21,47.11,30.04,24,179,0,0,0,0,0,0,0,0,0,0
2024-12-10 20:18:26,47.01,30.06,24,182,0,0,0,0,0,0,0,0,0,0
2024-12-10 20:18:36,46.92,30.04,25,187,0,0,0,0,0,0,0,0,0,0
2024-12-10 20:18:39,46.75,30.05,25,190,0,0,0,0,0,0,0,0,0,0
2024-12-10 20:18:43,46.71,30.04,25,189,0,0,0,0,0,0,0,0,0,0
2024-12-10 20:18:46,46.77,30.04,24,184,0,0,0,0,0,0,0,0,0,0
2024-12-10 20:18:51,47.01,30.04,25,188,0,0,0,0,0,0,0,0,0,0
2024-12-10 20:18:58,47.15,30.06,26,194,0,0,0,0,0,0,0,0,0,0
2024-12-10 20:19:02,47.13,30.07,25,191,0,0,0,0,0,0,0,0,0,0
2024-12-10 20:19:06,46.89,30.07,25,189,0,0,0,0,0,0,0,0,0,0
2024-12-10 20:19:11,46.93,30.06,25,192,0,0,0,0,0,0,0,0,0,0
2024-12-10 20:19:16,46.9,30.03,26,196,0,0,0,0,0,0,0,0,0,0
2024-12-10 20:19:21,47.01,30.05,27,206,0,0,0,0,0,0,0,0,0,0
2024-12-10 20:19:26,46.95,30.03,29,218,0,0,0,0,0,0,0,0,0,0
2024-12-10 20:19:31,46.78,30.03,29,219,0,0,0,0,0,0,0,0,0,0
2024-12-10 20:19:36,46.68,30.02,29,216,0,0,0,0,0,0,0,0,0,0
2024-12-10 20:19:41,47.18,30.05,27,205,0,0,0,0,0,0,0,0,0,0
2024-12-10 20:19:46,47.61,30.03,32,245,0,0,0,0,0,0,0,0,0,0
2024-12-10 20:19:51,47.39,30.04,37,279,0,0,0,0,0,0,0,0,0,0
2024-12-10 20:19:56,47.3,30.05,38,285,0,0,0,0,0,0,0,0,0,0
2024-12-10 20:20:01,47.41,30.05,41,310,41,41,0,41,0,310,310,0,310,0
2024-12-10 20:20:06,47.14,30.04,40,300,0,0,0,0,0,0,0,0,0,0
2024-12-10 20:20:11,46.81,30.03,35,268,0,0,0,0,0,0,0,0,0,0
2024-12-10 20:20:16,46.8,30.03,31,236,0,0,0,0,0,0,0,0,0,0
2024-12-10 20:20:21,46.78,30.02,29,221,0,0,0,0,0,0,0,0,0,0
2024-12-10 20:20:26,46.79,30.01,28,214,0,0,0,0,0,0,0,0,0,0
2024-12-10 20:20:31,46.65,30.01,27,205,0,0,0,0,0,0,0,0,0,0
2024-12-10 20:20:36,46.74,30.03,26,196,0,0,0,0,0,0,0,0,0,0
2024-12-10 20:20:41,46.74,30.01,25,191,0,0,0,0,0,0,0,0,0,0
2024-12-10 20:20:46,46.6,29.98,24,181,0,0,0,0,0,0,0,0,0,0
2024-12-10 20:20:51,47.23,29.99,23,177,0,0,0,0,0,0,0,0,0,0
2024-12-10 20:20:56,47.36,30.0,26,197,0,0,0,0,0,0,0,0,0,0
2024-12-10 20:21:01,47.12,29.97,27,205,0,0,0,0,0,0,0,0,0,0
2024-12-10 20:21:06,47.0,30.0,28,209,0,0,0,0,0,0,0,0,0,0
2024-12-10 20:21:11,47.03,29.99,28,214,0,0,0,0,0,0,0,0,0,0
2024-12-10 20:21:19,47.1,29.98,29,221,0,0,0,0,0,0,0,0,0,0
2024-12-10 20:21:28,47.2,30.0,30,227,0,0,0,0,0,0,0,0,0,0
2024-12-10 20:21:32,47.3,29.98,31,236,0,0,0,0,0,0,0,0,0,0
2024-12-10 20:21:36,47.35,30.0,32,243,0,0,0,0,0,0,0,0,0,0
2024-12-10 20:21:39,47.14,30.01,33,251,0,0,0,0,0,0,0,0,0,0
2024-12-10 20:21:44,46.8,30.0,33,250,0,0,0,0,0,0,0,0,0,0
2024-12-10 20:21:47,46.87,30.0,32,241,0,0,0,0,0,0,0,0,0,0
2024-12-10 20:21:51,47.02,30.02,31,234,0,0,0,0,0,0,0,0,0,0
2024-12-10 20:21:56,47.15,30.03,32,240,0,0,0,0,0,0,0,0,0,0
2024-12-10 20:22:01,47.21,30.0,33,249,0,0,0,0,0,0,0,0,0,0
2024-12-10 20:22:06,47.24,30.0,34,258,0,0,0,0,0,0,0,0,0,0
2024-12-10 20:22:11,47.35,30.02,34,257,0,0,0,0,0,0,0,0,0,0
2024-12-10 20:22:16,47.41,30.01,34,257,0,0,0,0,0,0,0,0,0,0
2024-12-10 20:22:21,47.46,30.03,34,260,0,0,0,0,0,0,0,0,0,0
2024-12-10 20:22:26,47.39,30.03,33,252,0,0,0,0,0,0,0,0,0,0
2024-12-10 20:22:31,47.25,30.04,31,235,0,0,0,31,31,0,0,0,235,235
2024-12-10 20:22:36,47.14,30.03,29,219,0,0,0,0,0,0,0,0,0,0
2024-12-10 20:22:41,46.87,30.02,28,208,0,0,0,0,0,0,0,0,0,0
2024-12-10 20:22:46,46.92,30.02,26,199,0,0,0,0,0,0,0,0,0,0
2024-12-10 20:22:51,47.05,30.02,27,201,0,0,0,0,0,0,0,0,0,0
2024-12-10 20:22:56,47.04,30.03,27,207,0,0,0,0,0,0,0,0,0,0
2024-12-10 20:23:01,47.05,30.04,28,208,0,0,0,0,0,0,0,0,0,0
2024-12-10 20:23:06,47.14,30.06,28,214,0,0,0,0,0,0,0,0,0,0
2024-12-10 20:23:11,47.27,30.06,36,274,0,0,0,0,0,0,0,0,0,0
2024-12-10 20:23:16,47.39,30.08,39,298,0,0,0,0,0,0,0,0,0,0
2024-12-10 20:23:21,47.45,30.07,35,266,0,0,0,0,0,0,0,0,0,0
2024-12-10 20:23:26,47.44,30.06,34,254,0,0,0,0,0,0,0,0,0,0
2024-12-10 20:23:31,47.4,30.04,32,245,0,0,0,0,0,0,0,0,0,0
2024-12-10 20:23:36,47.24,30.08,30,230,0,0,0,0,0,0,0,0,0,0
2024-12-10 20:23:41,47.13,30.06,30,227,0,0,0,0,0,0,0,0,0,0
2024-12-10 20:23:46,46.89,30.08,36,274,0,0,0,0,0,0,0,0,0,0
2024-12-10 20:23:51,46.75,30.06,35,265,0,0,0,0,0,0,0,0,0,0
2024-12-10 20:23:56,46.73,30.08,28,213,0,0,0,0,0,0,0,0,0,0
2024-12-10 20:24:01,46.73,30.08,24,179,0,0,0,0,0,0,0,0,0,0
2024-12-10 20:24:06,46.75,30.07,23,171,0,0,0,0,0,0,0,0,0,0
2024-12-10 20:24:15,46.8,30.07,23,171,0,0,0,0,0,0,0,0,0,0
2024-12-10 20:24:18,46.65,30.06,23,172,0,0,0,0,0,0,0,0,0,0
2024-12-10 20:24:29,46.64,30.06,22,163,0,0,0,0,0,0,0,0,0,0
2024-12-10 20:24:33,46.72,30.09,20,154,0,0,0,0,0,0,0,0,0,0
2024-12-10 20:24:36,46.74,30.07,20,150,0,0,0,0,0,0,0,0,0,0
2024-12-10 20:24:40,46.61,30.08,19,144,0,0,0,0,0,0,0,0,0,0
2024-12-10 20:24:43,46.71,30.09,19,143,0,0,0,0,0,0,0,0,0,0
2024-12-10 20:24:46,46.77,30.08,20,148,0,0,0,0,0,0,0,0,0,0
2024-12-10 20:24:51,46.44,30.07,20,152,0,0,0,0,0,0,0,0,0,0
2024-12-10 20:24:56,46.47,30.09,20,153,0,0,0,0,0,0,0,0,0,0
2024-12-10 20:25:01,46.59,30.07,21,156,21,0,0,21,0,156,0,0,156,0
2024-12-10 20:25:06,46.79,30.07,21,161,0,0,0,0,0,0,0,0,0,0
2024-12-10 20:25:11,46.9,30.1,22,166,0,0,0,0,0,0,0,0,0,0
2024-12-10 20:25:16,47.02,30.08,23,173,0,0,0,0,0,0,0,0,0,0
2024-12-10 20:25:21,47.04,30.09,24,181,0,0,0,0,0,0,0,0,0,0
2024-12-10 20:25:26,47.08,30.1,24,184,0,0,0,0,0,0,0,0,0,0
2024-12-10 20:25:31,47.0,30.08,25,185,0,0,0,0,0,0,0,0,0,0
2024-12-10 20:25:36,46.97,30.09,25,190,0,0,0,0,0,0,0,0,0,0
2024-12-10 20:25:41,46.91,30.09,27,200,0,0,0,0,0,0,0,0,0,0
2024-12-10 20:25:46,47.0,30.08,32,239,0,0,0,0,0,0,0,0,0,0
2024-12-10 20:25:51,47.09,30.08,33,250,0,0,0,0,0,0,0,0,0,0
2024-12-10 20:25:56,47.09,30.09,32,244,0,0,0,0,0,0,0,0,0,0
2024-12-10 20:26:01,46.82,30.11,30,227,0,0,0,0,0,0,0,0,0,0
2024-12-10 20:26:06,46.67,30.09,29,216,0,0,0,0,0,0,0,0,0,0
2024-12-10 20:26:11,46.66,30.12,27,201,0,0,0,0,0,0,0,0,0,0
2024-12-10 20:26:16,46.63,30.09,25,189,0,0,0,0,0,0,0,0,0,0
2024-12-10 20:26:21,46.58,30.08,24,182,0,0,0,0,0,0,0,0,0,0
2024-12-10 20:26:26,46.46,30.09,23,174,0,0,0,0,0,0,0,0,0,0
2024-12-10 20:26:31,46.52,30.06,22,169,0,0,0,0,0,0,0,0,0,0
2024-12-10 20:26:36,46.5,30.09,22,168,0,0,0,0,0,0,0,0,0,0
2024-12-10 20:26:41,46.54,30.07,22,168,0,0,0,0,0,0,0,0,0,0
2024-12-10 20:26:46,46.45,30.09,23,173,0,0,0,0,0,0,0,0,0,0
2024-12-10 20:26:51,46.51,30.09,24,178,0,0,0,0,0,0,0,0,0,0
2024-12-10 20:27:01,46.69,30.06,24,178,0,0,0,0,0,0,0,0,0,0
2024-12-10 20:27:04,46.74,30.09,23,174,0,0,0,0,0,0,0,0,0,0
2024-12-10 20:27:08,46.69,30.1,23,172,0,0,0,0,0,0,0,0,0,0
2024-12-10 20:27:12,46.64,30.06,22,170,0,0,0,0,0,0,0,0,0,0
2024-12-10 20:27:16,46.59,30.09,22,167,0,0,0,0,0,0,0,0,0,0
2024-12-10 20:27:21,46.67,30.07,22,169,0,0,0,0,0,0,0,0,0,0
2024-12-10 20:27:26,46.78,30.08,23,171,0,0,0,0,0,0,0,0,0,0
2024-12-10 20:27:31,46.85,30.07,23,175,0,0,0,23,0,0,0,0,175,0
2024-12-10 20:27:39,46.95,30.07,25,186,0,0,0,0,0,0,0,0,0,0
2024-12-10 20:27:42,47.05,30.1,27,202,0,0,0,0,0,0,0,0,0,0
2024-12-10 20:27:46,46.69,30.08,27,204,0,0,0,0,0,0,0,0,0,0
2024-12-10 20:27:51,46.71,30.07,27,201,0,0,0,0,0,0,0,0,0,0
2024-12-10 20:27:56,46.86,30.08,26,195,0,0,0,0,0,0,0,0,0,0
2024-12-10 20:28:01,46.82,30.07,26,196,0,0,0,0,0,0,0,0,0,0
2024-12-10 20:28:06,46.69,30.07,26,195,0,0,0,0,0,0,0,0,0,0
2024-12-10 20:28:11,46.52,30.07,25,192,0,0,0,0,0,0,0,0,0,0
2024-12-10 20:28:16,46.57,30.07,25,187,0,0,0,0,0,0,0,0,0,0
2024-12-10 20:28:21,46.55,30.06,24,182,0,0,0,0,0,0,0,0,0,0
2024-12-10 20:28:26,46.62,30.09,24,180,0,0,0,0,0,0,0,0,0,0
2024-12-10 20:28:31,46.77,30.07,27,204,0,0,0,0,0,0,0,0,0,0
2024-12-10 20:28:36,46.84,30.08,29,215,0,0,0,0,0,0,0,0,0,0
2024-12-10 20:28:41,46.82,30.06,30,230,0,0,0,0,0,0,0,0,0,0
2024-12-10 20:28:46,46.88,30.05,30,229,0,0,0,0,0,0,0,0,0,0
2024-12-10 20:28:51,46.86,30.08,30,224,0,0,0,0,0,0,0,0,0,0
2024-12-10 20:28:56,46.87,30.09,29,218,0,0,0,0,0,0,0,0,0,0
2024-12-10 20:29:01,46.98,30.07,28,215,0,0,0,0,0,0,0,0,0,0
2024-12-10 20:29:06,47.07,30.07,29,216,0,0,0,0,0,0,0,0,0,0
2024-12-10 20:29:11,47.0,30.07,28,210,0,0,0,0,0,0,0,0,0,0
2024-12-10 20:29:16,46.96,30.08,26,195,0,0,0,0,0,0,0,0,0,0
2024-12-10 20:29:21,47.02,30.08,25,190,0,0,0,0,0,0,0,0,0,0
2024-12-10 20:29:26,47.12,30.09,26,195,0,0,0,0,0,0,0,0,0,0
2024-12-10 20:29:31,47.2,30.08,26,198,0,0,0,0,0,0,0,0,0,0
2024-12-10 20:29:36,47.24,30.06,27,205,0,0,0,0,0,0,0,0,0,0
2024-12-10 20:29:41,47.14,30.07,29,220,0,0,0,0,0,0,0,0,0,0
2024-12-10 20:29:50,47.12,30.09,30,225,0,0,0,0,0,0,0,0,0,0
2024-12-10 20:29:54,47.14,30.07,29,222,0,0,0,0,0,0,0,0,0,0
2024-12-10 20:29:57,47.08,30.08,29,221,0,0,0,0,0,0,0,0,0,0
2024-12-10 20:30:01,47.07,30.09,28,213,28,28,28,28,28,213,213,213,213,213
2024-12-10 20:30:06,47.08,30.11,29,220,0,0,0,0,0,0,0,0,0,0
2024-12-10 20:30:11,46.82,30.09,29,221,0,0,0,0,0,0,0,0,0,0
2024-12-10 20:30:16,46.8,30.09,28,213,0,0,0,0,0,0,0,0,0,0
2024-12-10 20:30:21,46.99,30.09,27,207,0,0,0,0,0,0,0,0,0,0
2024-12-10 20:30:26,47.18,30.11,29,217,0,0,0,0,0,0,0,0,0,0
2024-12-10 20:30:31,46.96,30.09,29,216,0,0,0,0,0,0,0,0,0,0
2024-12-10 20:30:36,46.96,30.11,28,211,0,0,0,0,0,0,0,0,0,0
2024-12-10 20:30:43,47.06,30.08,30,228,0,0,0,0,0,0,0,0,0,0
2024-12-10 20:30:47,47.12,30.1,31,230,0,0,0,0,0,0,0,0,0,0
2024-12-10 20:30:52,47.12,30.1,30,226,0,0,0,0,0,0,0,0,0,0
2024-12-10 20:30:56,47.05,30.1,29,218,0,0,0,0,0,0,0,0,0,0
2024-12-10 20:31:01,47.02,30.13,28,209,0,0,0,0,0,0,0,0,0,0
2024-12-10 20:31:06,47.03,30.1,28,211,0,0,0,0,0,0,0,0,0,0
2024-12-10 20:31:11,47.2,30.09,28,209,0,0,0,0,0,0,0,0,0,0
2024-12-10 20:31:16,47.37,30.08,29,216,0,0,0,0,0,0,0,0,0,0
2024-12-10 20:31:21,47.44,30.11,31,235,0,0,0,0,0,0,0,0,0,0
2024-12-10 20:31:26,47.4,30.09,31,235,0,0,0,0,0,0,0,0,0,0
2024-12-10 20:31:31,47.3,30.1,30,229,0,0,0,0,0,0,0,0,0,0
2024-12-10 20:31:37,46.75,30.11,30,226,0,0,0,0,0,0,0,0,0,0
2024-12-10 20:31:41,46.64,30.09,29,221,0,0,0,0,0,0,0,0,0,0
2024-12-10 20:31:46,46.74,30.09,28,212,0,0,0,0,0,0,0,0,0,0
2024-12-10 20:31:51,47.07,30.12,30,223,0,0,0,0,0,0,0,0,0,0
2024-12-10 20:31:56,47.11,30.11,30,225,0,0,0,0,0,0,0,0,0,0
2024-12-10 20:32:01,47.1,30.1,29,218,0,0,0,0,0,0,0,0,0,0
2024-12-10 20:32:06,47.12,30.1,28,211,0,0,0,0,0,0,0,0,0,0
2024-12-10 20:32:11,47.09,30.09,28,208,0,0,0,0,0,0,0,0,0,0
2024-12-10 20:32:16,47.1,30.1,27,201,0,0,0,0,0,0,0,0,0,0
2024-12-10 20:32:21,46.74,30.08,26,195,0,0,0,0,0,0,0,0,0,0
2024-12-10 20:32:26,46.9,30.1,25,191,0,0,0,0,0,0,0,0,0,0
2024-12-10 20:32:31,47.0,30.09,25,186,0,0,0,25,0,0,0,0,186,0
2024-12-10 20:32:41,47.07,30.1,24,183,0,0,0,0,0,0,0,0,0,0
2024-12-10 20:32:44,47.17,30.1,27,206,0,0,0,0,0,0,0,0,0,0
2024-12-10 20:32:48,47.19,30.09,29,216,0,0,0,0,0,0,0,0,0,0
2024-12-10 20:32:51,46.97,30.12,34,255,0,0,0,0,0,0,0,0,0,0
2024-12-10 20:32:56,46.93,30.09,33,249,0,0,0,0,0,0,0,0,0,0
2024-12-10 20:33:01,47.02,30.1,31,237,0,0,0,0,0,0,0,0,0,0
2024-12-10 20:33:06,47.2,30.1,30,223,0,0,0,0,0,0,0,0,0,0
2024-12-10 20:33:11,47.25,30.09,30,227,0,0,0,0,0,0,0,0,0,0
2024-12-10 20:33:16,47.2,30.11,30,225,0,0,0,0,0,0,0,0,0,0
2024-12-10 20:33:21,47.07,30.1,29,217,0,0,0,0,0,0,0,0,0,0
2024-12-10 20:33:26,46.91,30.09,28,209,0,0,0,0,0,0,0,0,0,0
2024-12-10 20:33:31,46.81,30.11,25,191,0,0,0,0,0,0,0,0,0,0
2024-12-10 20:33:36,46.73,30.11,23,176,0,0,0,0,0,0,0,0,0,0
2024-12-10 20:33:41,46.75,30.12,22,170,0,0,0,0,0,0,0,0,0,0
2024-12-10 20:33:47,46.76,30.1,22,164,0,0,0,0,0,0,0,0,0,0
2024-12-10 20:33:56,47.0,30.1,21,159,0,0,0,0,0,0,0,0,0,0
2024-12-10 20:34:04,47.14,30.09,23,173,0,0,0,0,0,0,0,0,0,0
2024-12-10 20:34:12,47.11,30.11,24,181,0,0,0,0,0,0,0,0,0,0
2024-12-10 20:34:19,46.81,30.09,24,181,0,0,0,0,0,0,0,0,0,0
2024-12-10 20:34:22,46.47,30.09,23,177,0,0,0,0,0,0,0,0,0,0
2024-12-10 20:34:26,46.39,30.08,22,167,0,0,0,0,0,0,0,0,0,0
2024-12-10 20:34:29,46.46,30.11,21,156,0,0,0,0,0,0,0,0,0,0
2024-12-10 20:34:33,46.62,30.09,20,148,0,0,0,0,0,0,0,0,0,0
2024-12-10 20:34:37,46.65,30.11,19,144,0,0,0,0,0,0,0,0,0,0
2024-12-10 20:34:41,46.64,30.07,19,140,0,0,0,0,0,0,0,0,0,0
2024-12-10 20:34:45,46.64,30.08,19,141,0,0,0,0,0,0,0,0,0,0
2024-12-10 20:34:50,46.68,30.08,19,145,0,0,0,0,0,0,0,0,0,0
2024-12-10 20:34:53,46.64,30.1,20,149,0,0,0,0,0,0,0,0,0,0
2024-12-10 20:34:57,46.71,30.1,20,150,0,0,0,0,0,0,0,0,0,0
2024-12-10 20:35:01,46.78,30.09,20,152,20,0,0,20,0,152,0,0,152,0
2024-12-10 20:35:06,46.76,30.11,20,150,0,0,0,0,0,0,0,0,0,0
2024-12-10 20:35:11,46.64,30.09,20,151,0,0,0,0,0,0,0,0,0,0
2024-12-10 20:35:21,46.6,30.1,21,155,0,0,0,0,0,0,0,0,0,0
2024-12-10 20:35:30,46.64,30.08,20,154,0,0,0,0,0,0,0,0,0,0
2024-12-10 20:35:33,46.69,30.09,20,151,0,0,0,0,0,0,0,0,0,0
2024-12-10 20:35:37,46.79,30.09,20,148,0,0,0,0,0,0,0,0,0,0
2024-12-10 20:35:41,46.89,30.09,19,146,0,0,0,0,0,0,0,0,0,0
2024-12-10 20:35:46,46.81,30.12,19,144,0,0,0,0,0,0,0,0,0,0
2024-12-10 20:35:51,46.85,30.07,19,143,0,0,0,0,0,0,0,0,0,0
2024-12-10 20:35:56,46.77,30.08,19,142,0,0,0,0,0,0,0,0,0,0
2024-12-10 20:36:01,46.68,30.09,19,145,0,0,0,0,0,0,0,0,0,0
2024-12-10 20:36:06,46.75,30.09,20,150,0,0,0,0,0,0,0,0,0,0
2024-12-10 20:36:12,46.96,30.09,22,170,0,0,0,0,0,0,0,0,0,0
2024-12-10 20:36:18,46.91,30.07,25,189,0,0,0,0,0,0,0,0,0,0
2024-12-10 20:36:23,46.88,30.08,26,195,0,0,0,0,0,0,0,0,0,0
2024-12-10 20:36:26,46.74,30.07,25,192,0,0,0,0,0,0,0,0,0,0
2024-12-10 20:36:31,46.59,30.08,24,181,0,0,0,0,0,0,0,0,0,0
2024-12-10 20:36:36,46.71,30.09,24,178,0,0,0,0,0,0,0,0,0,0
2024-12-10 20:36:41,46.82,30.08,25,187,0,0,0,0,0,0,0,0,0,0
2024-12-10 20:36:46,46.65,30.08,26,193,0,0,0,0,0,0,0,0,0,0
2024-12-10 20:36:51,46.37,30.07,25,189,0,0,0,0,0,0,0,0,0,0
2024-12-10 20:36:56,46.35,30.1,24,179,0,0,0,0,0,0,0,0,0,0
2024-12-10 20:37:01,46.5,30.08,22,168,0,0,0,0,0,0,0,0,0,0
2024-12-10 20:37:07,46.5,30.09,21,159,0,0,0,0,0,0,0,0,0,0
2024-12-10 20:37:11,46.49,30.08,21,157,0,0,0,0,0,0,0,0,0,0
2024-12-10 20:37:16,46.35,30.05,21,156,0,0,0,0,0,0,0,0,0,0
2024-12-10 20:37:21,46.2,30.07,20,151,0,0,0,0,0,0,0,0,0,0
2024-12-10 20:37:26,46.32,30.07,19,144,0,0,0,0,0,0,0,0,0,0
2024-12-10 20:37:31,46.35,30.06,18,138,0,0,0,18,18,0,0,0,138,138
2024-12-10 20:37:36,46.28,30.07,18,136,0,0,0,0,0,0,0,0,0,0
2024-12-10 20:37:41,46.22,30.04,18,136,0,0,0,0,0,0,0,0,0,0
2024-12-10 20:37:46,46.2,30.06,18,134,0,0,0,0,0,0,0,0,0,0
2024-12-10 20:37:51,46.31,30.06,17,132,0,0,0,0,0,0,0,0,0,0
2024-12-10 20:38:01,46.67,30.06,25,192,0,0,0,0,0,0,0,0,0,0
2024-12-10 20:38:06,46.67,30.07,24,179,0,0,0,0,0,0,0,0,0,0
2024-12-10 20:38:11,46.73,30.07,23,171,0,0,0,0,0,0,0,0,0,0
2024-12-10 20:38:20,46.41,30.06,22,165,0,0,0,0,0,0,0,0,0,0
2024-12-10 20:38:23,46.16,30.05,21,157,0,0,0,0,0,0,0,0,0,0
2024-12-10 20:38:27,46.18,30.02,20,149,0,0,0,0,0,0,0,0,0,0
2024-12-10 20:38:31,46.24,30.04,18,139,0,0,0,0,0,0,0,0,0,0
2024-12-10 20:38:36,46.22,30.03,17,132,0,0,0,0,0,0,0,0,0,0
2024-12-10 20:38:41,46.13,30.02,17,126,0,0,0,0,0,0,0,0,0,0
2024-12-10 20:38:46,46.16,30.02,16,123,0,0,0,0,0,0,0,0,0,0
2024-12-10 20:38:51,46.15,30.02,16,118,0,0,0,0,0,0,0,0,0,0
2024-12-10 20:38:56,46.08,30.04,15,114,0,0,0,0,0,0,0,0,0,0
2024-12-10 20:39:01,46.12,30.02,15,111,0,0,0,0,0,0,0,0,0,0
2024-12-10 20:39:06,46.01,30.02,14,108,0,0,0,0,0,0,0,0,0,0
2024-12-10 20:39:11,46.0,30.0,14,108,0,0,0,0,0,0,0,0,0,0
2024-12-10 20:39:16,46.14,30.0,14,109,0,0,0,0,0,0,0,0,0,0
2024-12-10 20:39:21,46.15,30.01,15,110,0,0,0,0,0,0,0,0,0,0
2024-12-10 20:39:26,46.21,30.0,15,114,0,0,0,0,0,0,0,0,0,0
2024-12-10 20:39:31,46.28,30.02,15,113,0,0,0,0,0,0,0,0,0,0
2024-12-10 20:39:36,46.45,30.0,16,121,0,0,0,0,0,0,0,0,0,0
2024-12-10 20:39:41,46.48,30.03,17,128,0,0,0,0,0,0,0,0,0,0
2024-12-10 20:39:46,46.48,30.0,17,126,0,0,0,0,0,0,0,0,0,0
2024-12-10 20:39:51,46.49,30.03,16,122,0,0,0,0,0,0,0,0,0,0
2024-12-10 20:39:56,46.52,30.03,16,120,0,0,0,0,0,0,0,0,0,0
2024-12-10 20:40:01,46.59,30.02,16,121,16,16,0,16,0,121,121,0,121,0
2024-12-10 20:40:06,46.54,30.02,17,125,0,0,0,0,0,0,0,0,0,0
2024-12-10 20:40:15,46.56,30.03,20,149,0,0,0,0,0,0,0,0,0,0
2024-12-10 20:40:19,46.59,30.02,21,162,0,0,0,0,0,0,0,0,0,0
2024-12-10 20:40:24,46.37,30.02,20,152,0,0,0,0,0,0,0,0,0,0
2024-12-10 20:40:27,46.42,30.02,19,144,0,0,0,0,0,0,0,0,0,0
2024-12-10 20:40:33,46.47,30.03,18,138,0,0,0,0,0,0,0,0,0,0
2024-12-10 20:40:37,46.64,30.04,20,148,0,0,0,0,0,0,0,0,0,0
2024-12-10 20:40:41,46.85,30.03,25,190,0,0,0,0,0,0,0,0,0,0
2024-12-10 20:40:47,46.88,30.04,26,193,0,0,0,0,0,0,0,0,0,0
2024-12-10 20:40:51,46.89,30.04,24,184,0,0,0,0,0,0,0,0,0,0
2024-12-10 20:40:56,46.69,30.04,23,172,0,0,0,0,0,0,0,0,0,0
2024-12-10 20:41:01,46.63,30.04,23,171,0,0,0,0,0,0,0,0,0,0
2024-12-10 20:41:10,46.62,30.04,23,172,0,0,0,0,0,0,0,0,0,0
2024-12-10 20:41:14,46.71,30.05,22,166,0,0,0,0,0,0,0,0,0,0
2024-12-10 20:41:18,46.68,30.05,21,155,0,0,0,0,0,0,0,0,0,0
2024-12-10 20:41:23,46.59,30.05,20,149,0,0,0,0,0,0,0,0,0,0
2024-12-10 20:41:27,46.48,30.05,19,147,0,0,0,0,0,0,0,0,0,0
2024-12-10 20:41:31,46.46,30.06,19,143,0,0,0,0,0,0,0,0,0,0
2024-12-10 20:41:36,46.27,30.06,18,136,0,0,0,0,0,0,0,0,0,0
2024-12-10 20:41:41,46.14,30.04,18,132,0,0,0,0,0,0,0,0,0,0
2024-12-10 20:41:46,46.06,30.04,17,128,0,0,0,0,0,0,0,0,0,0
2024-12-10 20:41:51,46.1,30.06,17,125,0,0,0,0,0,0,0,0,0,0
2024-12-10 20:41:56,46.09,30.04,16,121,0,0,0,0,0,0,0,0,0,0
2024-12-10 20:42:01,45.94,30.01,16,119,0,0,0,0,0,0,0,0,0,0
2024-12-10 20:42:06,45.96,30.04,15,117,0,0,0,0,0,0,0,0,0,0
2024-12-10 20:42:11,45.95,29.98,15,112,0,0,0,0,0,0,0,0,0,0
2024-12-10 20:42:16,46.04,30.01,14,109,0,0,0,0,0,0,0,0,0,0
2024-12-10 20:42:21,45.98,29.99,14,108,0,0,0,0,0,0,0,0,0,0
2024-12-10 20:42:26,45.97,29.99,14,108,0,0,0,0,0,0,0,0,0,0
2024-12-10 20:42:31,45.98,30.01,14,109,0,0,0,14,0,0,0,0,109,0
2024-12-10 20:42:36,46.05,30.0,14,108,0,0,0,0,0,0,0,0,0,0
2024-12-10 20:42:41,46.12,30.0,14,104,0,0,0,0,0,0,0,0,0,0
2024-12-10 20:42:46,46.01,29.99,13,101,0,0,0,0,0,0,0,0,0,0
2024-12-10 20:42:51,46.03,29.98,14,102,0,0,0,0,0,0,0,0,0,0
2024-12-10 20:42:56,46.05,29.98,14,104,0,0,0,0,0,0,0,0,0,0
2024-12-10 20:43:01,46.06,29.97,14,103,0,0,0,0,0,0,0,0,0,0
2024-12-10 20:43:06,46.15,29.98,14,106,0,0,0,0,0,0,0,0,0,0
2024-12-10 20:43:11,46.18,30.0,15,110,0,0,0,0,0,0,0,0,0,0
2024-12-10 20:43:16,46.04,29.98,15,111,0,0,0,0,0,0,0,0,0,0
2024-12-10 20:43:21,46.03,29.97,14,107,0,0,0,0,0,0,0,0,0,0
2024-12-10 20:43:27,46.04,29.98,14,104,0,0,0,0,0,0,0,0,0,0
2024-12-10 20:43:31,46.12,29.97,14,102,0,0,0,0,0,0,0,0,0,0
2024-12-10 20:43:36,46.22,29.98,15,111,0,0,0,0,0,0,0,0,0,0
2024-12-10 20:43:41,46.43,29.98,15,113,0,0,0,0,0,0,0,0,0,0
2024-12-10 20:43:46,46.42,30.0,15,111,0,0,0,0,0,0,0,0,0,0
2024-12-10 20:43:51,46.4,29.99,14,108,0,0,0,0,0,0,0,0,0,0
2024-12-10 20:44:00,46.36,29.98,14,106,0,0,0,0,0,0,0,0,0,0
2024-12-10 20:44:04,46.29,29.98,14,102,0,0,0,0,0,0,0,0,0,0
2024-12-10 20:44:08,46.24,29.98,13,100,0,0,0,0,0,0,0,0,0,0
2024-12-10 20:44:11,46.11,29.99,13,98,0,0,0,0,0,0,0,0,0,0
2024-12-10 20:44:16,46.07,29.98,13,98,0,0,0,0,0,0,0,0,0,0
2024-12-10 20:44:21,46.02,29.98,13,100,0,0,0,0,0,0,0,0,0,0
2024-12-10 20:44:26,45.97,29.99,13,98,0,0,0,0,0,0,0,0,0,0
2024-12-10 20:44:31,46.05,30.0,13,95,0,0,0,0,0,0,0,0,0,0
2024-12-10 20:44:36,46.08,29.98,12,93,0,0,0,0,0,0,0,0,0,0
2024-12-10 20:44:41,46.15,29.98,12,93,0,0,0,0,0,0,0,0,0,0
2024-12-10 20:44:46,46.2,29.99,13,97,0,0,0,0,0,0,0,0,0,0
2024-12-10 20:44:51,46.35,29.98,14,106,0,0,0,0,0,0,0,0,0,0
2024-12-10 20:45:01,46.43,30.0,16,120,16,0,16,16,16,120,0,120,120,120
2024-12-10 20:45:06,46.52,29.97,17,127,0,0,0,0,0,0,0,0,0,0
2024-12-10 20:45:11,46.42,29.98,16,121,0,0,0,0,0,0,0,0,0,0
2024-12-10 20:45:16,46.38,30.01,15,112,0,0,0,0,0,0,0,0,0,0
2024-12-10 20:45:21,46.27,29.98,14,105,0,0,0,0,0,0,0,0,0,0
2024-12-10 20:45:31,46.19,30.0,13,97,0,0,0,0,0,0,0,0,0,0
2024-12-10 20:45:36,46.25,29.99,12,94,0,0,0,0,0,0,0,0,0,0
2024-12-10 20:45:41,46.18,29.98,12,91,0,0,0,0,0,0,0,0,0,0
2024-12-10 20:45:46,46.18,30.0,12,90,0,0,0,0,0,0,0,0,0,0
2024-12-10 20:45:51,46.21,29.98,12,93,0,0,0,0,0,0,0,0,0,0
2024-12-10 20:45:56,46.25,29.98,12,93,0,0,0,0,0,0,0,0,0,0
2024-12-10 20:46:01,46.27,30.01,12,94,0,0,0,0,0,0,0,0,0,0
2024-12-10 20:46:06,46.31,29.99,14,109,0,0,0,0,0,0,0,0,0,0
2024-12-10 20:46:11,46.36,30.01,15,113,0,0,0,0,0,0,0,0,0,0
2024-12-10 20:46:16,46.22,29.99,14,109,0,0,0,0,0,0,0,0,0,0
2024-12-10 20:46:21,46.11,29.99,13,100,0,0,0,0,0,0,0,0,0,0
2024-12-10 20:46:26,46.12,29.98,13,97,0,0,0,0,0,0,0,0,0,0
2024-12-10 20:46:35,46.27,30.0,14,109,0,0,0,0,0,0,0,0,0,0
2024-12-10 20:46:38,46.4,30.01,17,128,0,0,0,0,0,0,0,0,0,0
2024-12-10 20:46:42,46.45,30.01,18,135,0,0,0,0,0,0,0,0,0,0
2024-12-10 20:46:46,46.53,30.01,18,133,0,0,0,0,0,0,0,0,0,0
2024-12-10 20:46:54,46.47,30.01,17,130,0,0,0,0,0,0,0,0,0,0
2024-12-10 20:46:58,46.17,30.01,16,123,0,0,0,0,0,0,0,0,0,0
2024-12-10 20:47:01,46.11,30.02,16,117,0,0,0,0,0,0,0,0,0,0
2024-12-10 20:47:06,46.12,30.02,15,113,0,0,0,0,0,0,0,0,0,0
2024-12-10 20:47:11,46.2,30.03,15,113,0,0,0,0,0,0,0,0,0,0
2024-12-10 20:47:16,46.3,30.04,15,116,0,0,0,0,0,0,0,0,0,0
2024-12-10 20:47:21,46.21,30.02,15,116,0,0,0,0,0,0,0,0,0,0
2024-12-10 20:47:26,45.97,30.02,15,114,0,0,0,0,0,0,0,0,0,0
2024-12-10 20:47:31,45.99,30.01,15,110,0,0,0,15,0,0,0,0,110,0
2024-12-10 20:47:36,46.11,30.02,14,108,0,0,0,0,0,0,0,0,0,0
2024-12-10 20:47:41,46.2,30.04,14,102,0,0,0,0,0,0,0,0,0,0
2024-12-10 20:47:46,46.26,30.01,13,96,0,0,0,0,0,0,0,0,0,0
2024-12-10 20:47:51,46.26,30.03,13,98,0,0,0,0,0,0,0,0,0,0
2024-12-10 20:47:56,46.04,30.03,13,100,0,0,0,0,0,0,0,0,0,0
2024-12-10 20:48:01,45.95,30.03,13,98,0,0,0,0,0,0,0,0,0,0
2024-12-10 20:48:06,45.97,30.03,13,96,0,0,0,0,0,0,0,0,0,0
2024-12-10 20:48:11,46.06,30.03,12,92,0,0,0,0,0,0,0,0,0,0
2024-12-10 20:48:16,46.18,30.02,12,92,0,0,0,0,0,0,0,0,0,0
2024-12-10 20:48:21,46.3,30.02,13,95,0,0,0,0,0,0,0,0,0,0
2024-12-10 20:48:26,46.24,30.02,12,94,0,0,0,0,0,0,0,0,0,0
2024-12-10 20:48:31,46.15,30.05,12,91,0,0,0,0,0,0,0,0,0,0
2024-12-10 20:48:36,46.27,30.02,13,96,0,0,0,0,0,0,0,0,0,0
2024-12-10 20:48:41,46.6,30.03,17,126,0,0,0,0,0,0,0,0,0,0
2024-12-10 20:48:47,46.73,30.03,19,144,0,0,0,0,0,0,0,0,0,0
2024-12-10 20:48:51,46.8,30.04,20,148,0,0,0,0,0,0,0,0,0,0
2024-12-10 20:48:56,46.69,30.04,19,144,0,0,0,0,0,0,0,0,0,0
2024-12-10 20:49:01,46.54,30.02,18,138,0,0,0,0,0,0,0,0,0,0
2024-12-10 20:49:06,46.46,30.02,17,129,0,0,0,0,0,0,0,0,0,0
2024-12-10 20:49:11,46.42,30.03,16,123,0,0,0,0,0,0,0,0,0,0
2024-12-10 20:49:16,46.36,30.02,15,116,0,0,0,0,0,0,0,0,0,0
2024-12-10 20:49:21,46.31,30.03,16,120,0,0,0,0,0,0,0,0,0,0
2024-12-10 20:49:26,46.2,30.03,17,126,0,0,0,0,0,0,0,0,0,0
2024-12-10 20:49:31,46.29,30.05,16,124,0,0,0,0,0,0,0,0,0,0
2024-12-10 20:49:36,46.4,30.04,16,122,0,0,0,0,0,0,0,0,0,0
2024-12-10 20:49:49,46.43,30.04,16,118,0,0,0,0,0,0,0,0,0,0
2024-12-10 20:49:53,46.46,30.06,15,116,0,0,0,0,0,0,0,0,0,0
2024-12-10 20:49:57,46.43,30.04,17,125,0,0,0,0,0,0,0,0,0,0
2024-12-10 20:50:00,46.47,30.03,17,126,17,17,0,17,0,126,126,0,126,0
2024-12-10 20:50:04,46.52,30.06,16,120,0,0,0,0,0,0,0,0,0,0
2024-12-10 20:50:08,46.46,30.04,15,112,0,0,0,0,0,0,0,0,0,0
2024-12-10 20:50:11,46.29,30.05,14,105,0,0,0,0,0,0,0,0,0,0
2024-12-10 20:50:16,46.2,30.05,14,103,0,0,0,0,0,0,0,0,0,0
2024-12-10 20:50:21,46.41,30.06,14,106,0,0,0,0,0,0,0,0,0,0
2024-12-10 20:50:26,46.46,30.05,15,112,0,0,0,0,0,0,0,0,0,0
2024-12-10 20:50:31,46.49,30.05,15,111,0,0,0,0,0,0,0,0,0,0
2024-12-10 20:50:36,46.39,30.03,14,109,0,0,0,0,0,0,0,0,0,0
2024-12-10 20:50:41,45.88,30.01,15,110,0,0,0,0,0,0,0,0,0,0
2024-12-10 20:50:46,45.8,30.02,14,107,0,0,0,0,0,0,0,0,0,0
2024-12-10 20:50:51,45.99,30.02,14,105,0,0,0,0,0,0,0,0,0,0
2024-12-10 20:50:56,46.11,30.01,14,106,0,0,0,0,0,0,0,0,0,0
2024-12-10 20:51:01,45.98,30.02,14,108,0,0,0,0,0,0,0,0,0,0
2024-12-10 20:51:06,45.96,29.99,14,109,0,0,0,0,0,0,0,0,0,0
2024-12-10 20:51:11,45.92,29.99,14,106,0,0,0,0,0,0,0,0,0,0
2024-12-10 20:51:16,45.77,29.99,14,103,0,0,0,0,0,0,0,0,0,0
2024-12-10 20:51:21,45.83,29.98,13,99,0,0,0,0,0,0,0,0,0,0
2024-12-10 20:51:26,46.06,30.0,13,97,0,0,0,0,0,0,0,0,0,0
2024-12-10 20:51:31,46.12,30.0,13,95,0,0,0,0,0,0,0,0,0,0
2024-12-10 20:51:36,46.22,29.97,12,93,0,0,0,0,0,0,0,0,0,0
2024-12-10 20:51:41,46.22,29.99,13,95,0,0,0,0,0,0,0,0,0,0
2024-12-10 20:51:46,46.29,29.98,13,99,0,0,0,0,0,0,0,0,0,0
2024-12-10 20:51:51,46.37,29.98,13,101,0,0,0,0,0,0,0,0,0,0
2024-12-10 20:51:56,46.44,29.98,14,105,0,0,0,0,0,0,0,0,0,0
2024-12-10 20:52:01,46.45,29.97,15,111,0,0,0,0,0,0,0,0,0,0
2024-12-10 20:52:06,46.44,29.97,15,116,0,0,0,0,0,0,0,0,0,0
2024-12-10 20:52:11,46.34,29.98,15,115,0,0,0,0,0,0,0,0,0,0
2024-12-10 20:52:16,46.48,29.97,16,118,0,0,0,0,0,0,0,0,0,0
2024-12-10 20:52:21,46.44,29.97,16,119,0,0,0,0,0,0,0,0,0,0
2024-12-10 20:52:26,46.08,29.97,16,118,0,0,0,0,0,0,0,0,0,0
2024-12-10 20:52:36,45.99,29.97,15,116,0,0,0,15,15,0,0,0,116,116
2024-12-10 20:52:39,46.03,29.96,15,110,0,0,0,0,0,0,0,0,0,0
2024-12-10 20:52:43,46.02,29.96,14,103,0,0,0,0,0,0,0,0,0,0
2024-12-10 20:52:47,46.12,29.97,13,99,0,0,0,0,0,0,0,0,0,0
2024-12-10 20:52:51,46.11,29.96,13,97,0,0,0,0,0,0,0,0,0,0
2024-12-10 20:52:59,46.14,29.98,13,95,0,0,0,0,0,0,0,0,0,0
2024-12-10 20:53:03,46.17,29.94,13,95,0,0,0,0,0,0,0,0,0,0
2024-12-10 20:53:06,45.98,29.95,12,93,0,0,0,0,0,0,0,0,0,0
2024-12-10 20:53:11,46.2,29.96,12,92,0,0,0,0,0,0,0,0,0,0
2024-12-10 20:53:16,46.8,29.93,16,120,0,0,0,0,0,0,0,0,0,0
2024-12-10 20:53:21,46.85,29.95,19,141,0,0,0,0,0,0,0,0,0,0
2024-12-10 20:53:26,46.39,29.93,19,141,0,0,0,0,0,0,0,0,0,0
2024-12-10 20:53:31,46.1,29.92,17,131,0,0,0,0,0,0,0,0,0,0
2024-12-10 20:53:36,46.14,29.9,16,122,0,0,0,0,0,0,0,0,0,0
2024-12-10 20:53:41,46.1,29.91,15,112,0,0,0,0,0,0,0,0,0,0
2024-12-10 20:53:46,46.07,29.92,14,102,0,0,0,0,0,0,0,0,0,0
2024-12-10 20:53:51,46.13,29.91,13,99,0,0,0,0,0,0,0,0,0,0
2024-12-10 20:53:56,46.16,29.91,13,99,0,0,0,0,0,0,0,0,0,0
2024-12-10 20:54:01,46.0,29.92,13,99,0,0,0,0,0,0,0,0,0,0
2024-12-10 20:54:06,46.01,29.88,13,98,0,0,0,0,0,0,0,0,0,0
2024-12-10 20:54:11,46.06,29.85,13,94,0,0,0,0,0,0,0,0,0,0
2024-12-10 20:54:16,45.95,29.87,12,93,0,0,0,0,0,0,0,0,0,0
2024-12-10 20:54:21,46.03,29.85,12,92,0,0,0,0,0,0,0,0,0,0
2024-12-10 20:54:26,46.02,29.89,12,89,0,0,0,0,0,0,0,0,0,0
2024-12-10 20:54:31,46.01,29.87,11,87,0,0,0,0,0,0,0,0,0,0
2024-12-10 20:54:36,46.06,29.87,11,83,0,0,0,0,0,0,0,0,0,0
2024-12-10 20:54:41,46.14,29.89,11,80,0,0,0,0,0,0,0,0,0,0
2024-12-10 20:54:46,46.14,29.86,10,78,0,0,0,0,0,0,0,0,0,0
2024-12-10 20:54:51,46.0,29.86,10,77,0,0,0,0,0,0,0,0,0,0
2024-12-10 20:54:56,45.95,29.89,10,74,0,0,0,0,0,0,0,0,0,0
2024-12-10 20:55:01,45.95,29.85,10,73,10,0,0,10,0,73,0,0,73,0
2024-12-10 20:55:06,45.97,29.86,10,72,0,0,0,0,0,0,0,0,0,0
2024-12-10 20:55:11,45.96,29.88,10,72,0,0,0,0,0,0,0,0,0,0
2024-12-10 20:55:16,45.9,29.87,10,72,0,0,0,0,0,0,0,0,0,0
2024-12-10 20:55:21,45.91,29.85,9,70,0,0,0,0,0,0,0,0,0,0
2024-12-10 20:55:30,45.89,29.84,9,70,0,0,0,0,0,0,0,0,0,0
2024-12-10 20:55:34,45.98,29.85,9,68,0,0,0,0,0,0,0,0,0,0
2024-12-10 20:55:37,45.9,29.86,9,66,0,0,0,0,0,0,0,0,0,0
2024-12-10 20:55:41,45.89,29.84,9,65,0,0,0,0,0,0,0,0,0,0
2024-12-10 20:55:46,45.91,29.81,9,64,0,0,0,0,0,0,0,0,0,0
2024-12-10 20:55:51,45.95,29.83,8,63,0,0,0,0,0,0,0,0,0,0
2024-12-10 20:55:56,45.91,29.81,8,64,0,0,0,0,0,0,0,0,0,0
2024-12-10 20:56:01,45.93,29.81,8,63,0,0,0,0,0,0,0,0,0,0
2024-12-10 20:56:08,45.94,29.81,8,63,0,0,0,0,0,0,0,0,0,0
2024-12-10 20:56:12,45.91,29.81,8,64,0,0,0,0,0,0,0,0,0,0
2024-12-10 20:56:16,45.86,29.79,8,63,0,0,0,0,0,0,0,0,0,0
2024-12-10 20:56:21,45.9,29.82,8,64,0,0,0,0,0,0,0,0,0,0
2024-12-10 20:56:26,45.92,29.82,8,63,0,0,0,0,0,0,0,0,0,0
2024-12-10 20:56:31,45.93,29.81,8,62,0,0,0,0,0,0,0,0,0,0
2024-12-10 20:56:36,45.92,29.8,9,65,0,0,0,0,0,0,0,0,0,0
2024-12-10 20:56:41,45.89,29.82,9,67,0,0,0,0,0,0,0,0,0,0
2024-12-10 20:56:46,45.93,29.8,9,68,0,0,0,0,0,0,0,0,0,0
2024-12-10 20:56:51,45.92,29.81,9,67,0,0,0,0,0,0,0,0,0,0
2024-12-10 20:56:56,45.94,29.79,9,65,0,0,0,0,0,0,0,0,0,0
2024-12-10 20:57:01,46.03,29.81,8,63,0,0,0,0,0,0,0,0,0,0
2024-12-10 20:57:06,46.05,29.8,8,63,0,0,0,0,0,0,0,0,0,0
2024-12-10 20:57:11,46.1,29.82,8,64,0,0,0,0,0,0,0,0,0,0
2024-12-10 20:57:17,46.05,29.83,8,64,0,0,0,0,0,0,0,0,0,0
2024-12-10 20:57:21,46.11,29.82,9,65,0,0,0,0,0,0,0,0,0,0
2024-12-10 20:57:26,46.07,29.82,9,67,0,0,0,0,0,0,0,0,0,0
2024-12-10 20:57:31,46.08,29.81,9,68,0,0,0,9,0,0,0,0,68,0
2024-12-10 20:57:36,46.08,29.83,9,71,0,0,0,0,0,0,0,0,0,0
2024-12-10 20:57:41,46.05,29.85,9,71,0,0,0,0,0,0,0,0,0,0
2024-12-10 20:57:46,45.99,29.86,9,70,0,0,0,0,0,0,0,0,0,0
2024-12-10 20:57:51,45.97,29.83,9,68,0,0,0,0,0,0,0,0,0,0
2024-12-10 20:57:56,45.98,29.82,9,66,0,0,0,0,0,0,0,0,0,0
2024-12-10 20:58:01,46.08,29.85,8,64,0,0,0,0,0,0,0,0,0,0
2024-12-10 20:58:06,46.15,29.84,8,62,0,0,0,0,0,0,0,0,0,0
2024-12-10 20:58:11,45.96,29.85,8,63,0,0,0,0,0,0,0,0,0,0
2024-12-10 20:58:20,45.89,29.85,8,62,0,0,0,0,0,0,0,0,0,0
2024-12-10 20:58:24,45.95,29.84,8,60,0,0,0,0,0,0,0,0,0,0
2024-12-10 20:58:28,46.0,29.85,8,61,0,0,0,0,0,0,0,0,0,0
2024-12-10 20:58:32,46.07,29.86,8,64,0,0,0,0,0,0,0,0,0,0
2024-12-10 20:58:36,46.05,29.86,9,67,0,0,0,0,0,0,0,0,0,0
2024-12-10 20:58:41,45.96,29.84,9,70,0,0,0,0,0,0,0,0,0,0
2024-12-10 20:58:46,46.0,29.85,10,73,0,0,0,0,0,0,0,0,0,0
2024-12-10 20:58:51,46.0,29.85,9,70,0,0,0,0,0,0,0,0,0,0
2024-12-10 20:58:56,46.02,29.86,9,69,0,0,0,0,0,0,0,0,0,0
2024-12-10 20:59:01,45.86,29.84,9,66,0,0,0,0,0,0,0,0,0,0
2024-12-10 20:59:06,45.78,29.86,8,64,0,0,0,0,0,0,0,0,0,0
2024-12-10 20:59:11,45.79,29.85,8,62,0,0,0,0,0,0,0,0,0,0
2024-12-10 20:59:18,45.75,29.86,8,60,0,0,0,0,0,0,0,0,0,0
2024-12-10 20:59:22,45.72,29.86,8,60,0,0,0,0,0,0,0,0,0,0
2024-12-10 20:59:27,45.77,29.83,8,58,0,0,0,0,0,0,0,0,0,0
2024-12-10 20:59:32,45.79,29.86,7,56,0,0,0,0,0,0,0,0,0,0
2024-12-10 20:59:36,45.88,29.85,7,56,0,0,0,0,0,0,0,0,0,0
2024-12-10 20:59:41,45.9,29.84,8,58,0,0,0,0,0,0,0,0,0,0
2024-12-10 20:59:46,46.03,29.85,8,59,0,0,0,0,0,0,0,0,0,0
2024-12-10 20:59:51,46.05,29.86,8,63,0,0,0,0,0,0,0,0,0,0
2024-12-10 20:59:56,46.05,29.86,8,64,0,0,0,0,0,0,0,0,0,0
