Datetime,Relative_Humidity,Temperature,MC_PM25,NC_PM25,5_min_sample
2024-05-10 18:00:02,"50,15","31,37",8,58,8
2024-05-10 18:00:07,"50,16","31,38",7,55,0
2024-05-10 18:00:12,"50,15","31,35",7,55,0
2024-05-10 18:00:17,"50,18","31,36",7,53,0
2024-05-10 18:00:23,"50,22","31,36",7,51,0
2024-05-10 18:00:27,"50,23","31,34",7,51,0
2024-05-10 18:00:32,"50,23","31,32",7,51,0
2024-05-10 18:00:37,"50,23","31,34",7,52,0
2024-05-10 18:00:42,"50,24","31,32",7,54,0
2024-05-10 18:00:47,"50,24","31,32",7,55,0
2024-05-10 18:00:52,"50,27","31,32",7,56,0
2024-05-10 18:00:57,"50,27","31,32",8,58,0
2024-05-10 18:01:02,"50,26","31,31",8,61,0
2024-05-10 18:01:07,"50,32","31,32",8,60,0
2024-05-10 18:01:12,"50,27","31,31",8,59,0
2024-05-10 18:01:17,"50,31","31,31",8,57,0
2024-05-10 18:01:22,"50,31","31,29",7,56,0
2024-05-10 18:01:27,"50,31","31,29",7,55,0
2024-05-10 18:01:32,"50,31","31,29",7,54,0
2024-05-10 18:01:37,"50,31","31,27",7,55,0
2024-05-10 18:01:42,"50,35","31,28",7,55,0
2024-05-10 18:01:47,"50,38","31,27",7,54,0
2024-05-10 18:01:52,"50,36","31,27",7,56,0
2024-05-10 18:01:57,"50,38","31,25",8,57,0
2024-05-10 18:02:02,"50,39","31,24",8,58,0
2024-05-10 18:02:07,"50,4","31,27",8,57,0
2024-05-10 18:02:12,"50,41","31,27",7,56,0
2024-05-10 18:02:17,"50,43","31,27",8,58,0
2024-05-10 18:02:22,"50,43","31,26",8,59,0
2024-05-10 18:02:27,"50,4","31,27",8,59,0
2024-05-10 18:02:32,"50,38","31,27",8,58,0
2024-05-10 18:02:37,"50,4","31,26",8,58,0
2024-05-10 18:02:42,"50,44","31,29",8,57,0
2024-05-10 18:02:47,"50,43","31,27",7,56,0
2024-05-10 18:02:52,"50,43","31,27",7,56,0
2024-05-10 18:03:02,"50,4","31,27",8,59,0
2024-05-10 18:03:07,"50,43","31,26",8,60,0
2024-05-10 18:03:12,"50,4","31,26",8,60,0
2024-05-10 18:03:17,"50,42","31,29",8,59,0
2024-05-10 18:03:22,"50,43","31,27",7,56,0
2024-05-10 18:03:27,"50,45","31,27",7,55,0
2024-05-10 18:03:32,"50,47","31,28",7,54,0
2024-05-10 18:03:37,"50,44","31,27",7,53,0
2024-05-10 18:03:42,"50,44","31,3",7,54,0
2024-05-10 18:03:47,"50,47","31,28",7,55,0
2024-05-10 18:03:52,"50,42","31,28",7,53,0
2024-05-10 18:03:57,"50,4","31,28",7,51,0
2024-05-10 18:04:02,"50,39","31,27",7,50,0
2024-05-10 18:04:07,"50,4","31,3",7,50,0
2024-05-10 18:04:12,"50,4","31,31",7,51,0
2024-05-10 18:04:17,"50,4","31,29",7,51,0
2024-05-10 18:04:22,"50,41","31,32",7,53,0
2024-05-10 18:04:27,"50,41","31,31",7,55,0
2024-05-10 18:04:32,"50,39","31,29",7,56,0
2024-05-10 18:04:37,"50,4","31,28",8,57,0
2024-05-10 18:04:42,"50,38","31,28",7,56,0
2024-05-10 18:04:47,"50,37","31,29",7,55,0
2024-05-10 18:04:52,"50,39","31,3",7,55,0
2024-05-10 18:04:57,"50,38","31,3",7,55,0
2024-05-10 18:05:02,"50,36","31,3",7,55,7
2024-05-10 18:05:07,"50,35","31,3",7,56,0
2024-05-10 18:05:12,"50,38","31,3",8,57,0
2024-05-10 18:05:17,"50,39","31,29",8,57,0
2024-05-10 18:05:22,"50,4","31,3",7,56,0
2024-05-10 18:05:27,"50,39","31,32",7,55,0
2024-05-10 18:05:32,"50,38","31,29",7,53,0
2024-05-10 18:05:37,"50,44","31,31",7,52,0
2024-05-10 18:05:42,"50,43","31,3",7,54,0
2024-05-10 18:05:47,"50,41","31,28",7,54,0
2024-05-10 18:05:52,"50,42","31,3",7,54,0
2024-05-10 18:05:57,"50,44","31,29",7,55,0
2024-05-10 18:06:02,"50,47","31,26",7,55,0
2024-05-10 18:06:07,"50,49","31,26",7,54,0
2024-05-10 18:06:12,"50,51","31,27",7,54,0
2024-05-10 18:06:17,"50,54","31,24",7,55,0
2024-05-10 18:06:22,"50,58","31,24",7,54,0
2024-05-10 18:06:27,"50,61","31,24",7,52,0
2024-05-10 18:06:32,"50,6","31,23",7,50,0
2024-05-10 18:06:37,"50,61","31,23",7,50,0
2024-05-10 18:06:42,"50,64","31,2",7,50,0
2024-05-10 18:06:47,"50,65","31,2",7,51,0
2024-05-10 18:06:52,"50,68","31,18",7,51,0
2024-05-10 18:06:57,"50,73","31,18",6,49,0
2024-05-10 18:07:02,"50,74","31,15",6,48,0
2024-05-10 18:07:07,"50,79","31,16",6,47,0
2024-05-10 18:07:12,"50,77","31,16",6,46,0
2024-05-10 18:07:17,"50,79","31,16",6,47,0
2024-05-10 18:07:22,"50,79","31,16",6,48,0
2024-05-10 18:07:27,"50,8","31,15",6,49,0
2024-05-10 18:07:32,"50,79","31,18",7,52,0
2024-05-10 18:07:37,"50,77","31,18",7,55,0
2024-05-10 18:07:42,"50,74","31,2",8,57,0
2024-05-10 18:07:47,"50,72","31,2",8,57,0
2024-05-10 18:07:52,"50,73","31,22",8,57,0
2024-05-10 18:08:01,"50,67","31,22",8,57,0
2024-05-10 18:08:06,"50,69","31,22",7,56,0
2024-05-10 18:08:12,"50,69","31,24",7,56,0
2024-05-10 18:08:17,"50,67","31,23",7,54,0
2024-05-10 18:08:21,"50,62","31,23",7,52,0
2024-05-10 18:08:27,"50,66","31,23",7,52,0
2024-05-10 18:08:32,"50,63","31,23",7,54,0
2024-05-10 18:08:36,"50,66","31,24",7,56,0
2024-05-10 18:08:42,"50,65","31,24",8,59,0
2024-05-10 18:08:47,"50,68","31,22",8,57,0
2024-05-10 18:08:52,"50,65","31,23",7,56,0
2024-05-10 18:08:56,"50,67","31,21",7,56,0
2024-05-10 18:09:01,"50,68","31,22",7,55,0
2024-05-10 18:09:06,"50,66","31,22",7,54,0
2024-05-10 18:09:12,"50,65","31,24",7,54,0
2024-05-10 18:09:16,"50,65","31,2",7,52,0
2024-05-10 18:09:22,"50,69","31,23",7,50,0
2024-05-10 18:09:26,"50,68","31,19",7,50,0
2024-05-10 18:09:32,"50,67","31,23",7,51,0
2024-05-10 18:09:38,"50,66","31,2",7,51,0
2024-05-10 18:09:41,"50,68","31,21",7,54,0
2024-05-10 18:09:46,"50,73","31,18",7,56,0
2024-05-10 18:09:51,"50,72","31,18",8,57,0
2024-05-10 18:09:56,"50,73","31,2",8,58,0
2024-05-10 18:10:02,"50,73","31,18",8,58,8
2024-05-10 18:10:06,"50,74","31,19",7,55,0
2024-05-10 18:10:12,"50,71","31,18",7,51,0
2024-05-10 18:10:17,"50,74","31,19",7,49,0
2024-05-10 18:10:21,"50,74","31,17",6,48,0
2024-05-10 18:10:26,"50,78","31,18",7,50,0
2024-05-10 18:10:31,"50,71","31,19",7,52,0
2024-05-10 18:10:36,"50,69","31,2",7,52,0
2024-05-10 18:10:41,"50,67","31,19",7,53,0
2024-05-10 18:10:46,"50,72","31,19",7,52,0
2024-05-10 18:10:51,"50,73","31,15",7,51,0
2024-05-10 18:10:57,"50,78","31,16",7,53,0
2024-05-10 18:11:02,"50,8","31,17",7,55,0
2024-05-10 18:11:06,"50,78","31,17",7,55,0
2024-05-10 18:11:11,"50,8","31,15",7,53,0
2024-05-10 18:11:16,"50,81","31,14",7,52,0
2024-05-10 18:11:21,"50,85","31,14",7,52,0
2024-05-10 18:11:26,"50,85","31,12",7,51,0
2024-05-10 18:11:31,"50,89","31,14",7,52,0
2024-05-10 18:11:36,"50,88","31,14",7,52,0
2024-05-10 18:11:41,"50,9","31,13",7,51,0
2024-05-10 18:11:46,"50,88","31,13",7,51,0
2024-05-10 18:11:51,"50,92","31,12",7,52,0
2024-05-10 18:11:56,"50,95","31,11",7,52,0
2024-05-10 18:12:01,"50,91","31,13",7,51,0
2024-05-10 18:12:06,"50,93","31,11",7,52,0
2024-05-10 18:12:11,"50,89","31,12",7,53,0
2024-05-10 18:12:16,"50,9","31,12",7,54,0
2024-05-10 18:12:21,"50,9","31,12",7,54,0
2024-05-10 18:12:27,"50,91","31,11",7,54,0
2024-05-10 18:12:31,"50,91","31,12",7,54,0
2024-05-10 18:12:36,"50,88","31,1",7,54,0
2024-05-10 18:12:41,"50,93","31,11",7,53,0
2024-05-10 18:12:46,"50,9","31,1",7,52,0
2024-05-10 18:12:53,"50,93","31,11",7,53,0
2024-05-10 18:13:01,"50,87","31,14",7,55,0
2024-05-10 18:13:07,"50,87","31,12",7,56,0
2024-05-10 18:13:11,"50,85","31,13",7,55,0
2024-05-10 18:13:16,"50,87","31,12",7,54,0
2024-05-10 18:13:21,"50,8","31,14",7,52,0
2024-05-10 18:13:26,"50,85","31,14",7,52,0
2024-05-10 18:13:31,"50,92","31,11",7,52,0
2024-05-10 18:13:36,"50,91","31,1",7,51,0
2024-05-10 18:13:41,"50,92","31,11",6,49,0
2024-05-10 18:13:46,"50,93","31,11",6,47,0
2024-05-10 18:13:53,"50,94","31,08",6,48,0
2024-05-10 18:13:56,"50,98","31,08",6,48,0
2024-05-10 18:14:01,"50,95","31,09",6,49,0
2024-05-10 18:14:06,"50,98","31,09",7,50,0
2024-05-10 18:14:11,"50,94","31,07",7,51,0
2024-05-10 18:14:16,"50,98","31,07",7,52,0
2024-05-10 18:14:22,"50,96","31,07",7,53,0
2024-05-10 18:14:26,"50,96","31,12",7,53,0
2024-05-10 18:14:31,"50,9","31,11",7,53,0
2024-05-10 18:14:36,"50,88","31,11",7,52,0
2024-05-10 18:14:41,"50,86","31,14",7,51,0
2024-05-10 18:14:46,"50,82","31,16",7,49,0
2024-05-10 18:14:51,"50,78","31,15",6,49,0
2024-05-10 18:14:56,"50,82","31,15",6,48,0
2024-05-10 18:15:01,"50,81","31,15",6,48,6
2024-05-10 18:15:06,"50,79","31,13",6,47,0
2024-05-10 18:15:11,"50,83","31,12",6,46,0
2024-05-10 18:15:16,"50,83","31,14",6,45,0
2024-05-10 18:15:21,"50,82","31,14",6,45,0
2024-05-10 18:15:26,"50,82","31,12",6,44,0
2024-05-10 18:15:31,"50,83","31,14",6,47,0
2024-05-10 18:15:36,"50,83","31,15",7,50,0
2024-05-10 18:15:41,"50,85","31,11",7,49,0
2024-05-10 18:15:46,"50,85","31,11",6,47,0
2024-05-10 18:15:51,"50,89","31,11",6,47,0
2024-05-10 18:15:56,"50,88","31,1",6,46,0
2024-05-10 18:16:01,"50,88","31,1",6,45,0
2024-05-10 18:16:06,"50,89","31,1",6,45,0
2024-05-10 18:16:11,"50,9","31,09",6,46,0
2024-05-10 18:16:16,"50,9","31,1",6,48,0
2024-05-10 18:16:21,"50,95","31,1",6,49,0
2024-05-10 18:16:26,"50,91","31,1",6,49,0
2024-05-10 18:16:31,"50,92","31,1",7,49,0
2024-05-10 18:16:36,"50,9","31,1",6,49,0
2024-05-10 18:16:42,"50,91","31,09",7,51,0
2024-05-10 18:16:46,"50,96","31,09",7,50,0
2024-05-10 18:16:51,"50,97","31,07",7,49,0
2024-05-10 18:16:56,"50,93","31,07",7,49,0
2024-05-10 18:17:01,"50,93","31,07",7,49,0
2024-05-10 18:17:06,"50,98","31,06",6,48,0
2024-05-10 18:17:11,"51,02","31,05",6,46,0
2024-05-10 18:17:16,"51,02","31,02",6,46,0
2024-05-10 18:17:21,"51,04","31,03",6,45,0
2024-05-10 18:17:27,"51,07","31,01",6,46,0
2024-05-10 18:17:31,"51,05","31,01",6,47,0
2024-05-10 18:17:36,"51,13","30,99",6,47,0
2024-05-10 18:17:41,"51,1","30,98",6,47,0
2024-05-10 18:17:46,"51,15","30,98",6,47,0
2024-05-10 18:17:51,"51,17","30,93",6,47,0
2024-05-10 18:18:01,"51,19","30,93",6,45,0
2024-05-10 18:18:08,"51,16","30,95",6,45,0
2024-05-10 18:18:11,"51,1","30,99",6,45,0
2024-05-10 18:18:16,"51,06",31,6,46,0
2024-05-10 18:18:21,"50,99","31,04",6,47,0
2024-05-10 18:18:26,"50,98","31,04",6,47,0
2024-05-10 18:18:31,51,"31,04",6,48,0
2024-05-10 18:18:36,"50,98","31,03",6,47,0
2024-05-10 18:18:41,51,"31,04",6,46,0
2024-05-10 18:18:46,"50,94","31,03",6,45,0
2024-05-10 18:18:51,"50,93","31,06",6,44,0
2024-05-10 18:18:56,"50,91","31,06",6,46,0
2024-05-10 18:19:01,"50,87","31,07",6,48,0
2024-05-10 18:19:06,"50,89","31,05",6,48,0
2024-05-10 18:19:11,"50,83","31,06",6,47,0
2024-05-10 18:19:16,"50,87","31,07",6,47,0
2024-05-10 18:19:21,"50,84","31,07",6,47,0
2024-05-10 18:19:26,"50,84","31,06",6,45,0
2024-05-10 18:19:31,"50,86","31,04",6,45,0
2024-05-10 18:19:36,"50,87","31,02",6,44,0
2024-05-10 18:19:41,"50,88","31,04",6,44,0
2024-05-10 18:19:46,"50,9","31,07",6,45,0
2024-05-10 18:19:51,"50,87","31,07",6,46,0
2024-05-10 18:19:56,"50,84","31,06",6,47,0
2024-05-10 18:20:01,"50,88","31,08",6,45,6
2024-05-10 18:20:06,"50,87","31,04",6,44,0
2024-05-10 18:20:11,"50,89","31,05",6,42,0
2024-05-10 18:20:16,"50,88","31,03",5,41,0
2024-05-10 18:20:21,"50,87","31,03",6,42,0
2024-05-10 18:20:26,"50,91","31,02",6,42,0
2024-05-10 18:20:31,"50,94","31,01",6,43,0
2024-05-10 18:20:36,"50,97","31,02",6,44,0
2024-05-10 18:20:41,"50,94","30,99",6,45,0
2024-05-10 18:20:46,"50,98","30,98",6,45,0
2024-05-10 18:20:51,"50,98","30,96",6,47,0
2024-05-10 18:20:56,"51,02","30,94",6,48,0
2024-05-10 18:21:01,"51,08","30,95",6,48,0
2024-05-10 18:21:06,"51,08","30,92",6,45,0
2024-05-10 18:21:11,"51,1","30,93",6,43,0
2024-05-10 18:21:16,"51,1","30,91",6,44,0
2024-05-10 18:21:21,"51,17","30,93",6,46,0
2024-05-10 18:21:26,"51,13","30,91",6,46,0
2024-05-10 18:21:31,"51,11","30,9",6,46,0
2024-05-10 18:21:36,"51,17","30,9",6,46,0
2024-05-10 18:21:41,"51,16","30,89",6,45,0
2024-05-10 18:21:46,"51,15","30,91",6,45,0
2024-05-10 18:21:51,"51,21","30,91",6,44,0
2024-05-10 18:21:56,"51,22","30,92",6,44,0
2024-05-10 18:22:01,"51,22","30,91",6,44,0
2024-05-10 18:22:06,"51,19","30,9",6,46,0
2024-05-10 18:22:11,"51,26","30,91",6,48,0
2024-05-10 18:22:16,"51,22","30,88",6,48,0
2024-05-10 18:22:22,"51,2","30,88",6,48,0
2024-05-10 18:22:26,"51,21","30,9",6,49,0
2024-05-10 18:22:31,"51,2","30,91",7,51,0
2024-05-10 18:22:36,"51,18","30,9",7,51,0
2024-05-10 18:22:41,"51,21","30,9",7,51,0
2024-05-10 18:22:46,"51,2","30,9",7,52,0
2024-05-10 18:22:51,"51,22","30,91",7,50,0
2024-05-10 18:23:01,"51,25","30,91",6,47,0
2024-05-10 18:23:06,"51,24","30,9",6,47,0
2024-05-10 18:23:11,"51,27","30,88",6,48,0
2024-05-10 18:23:16,"51,25","30,91",6,48,0
2024-05-10 18:23:21,"51,28","30,92",7,49,0
2024-05-10 18:23:26,"51,23","30,91",7,50,0
2024-05-10 18:23:31,"51,2","30,92",7,50,0
2024-05-10 18:23:36,"51,18","30,91",7,51,0
2024-05-10 18:23:42,"51,22","30,9",7,51,0
2024-05-10 18:23:46,"51,21","30,91",7,50,0
2024-05-10 18:23:51,"51,15","30,9",7,50,0
2024-05-10 18:23:56,"51,15","30,92",6,48,0
2024-05-10 18:24:01,"51,14","30,92",6,47,0
2024-05-10 18:24:06,"51,12","30,89",6,48,0
2024-05-10 18:24:12,"51,16","30,91",6,48,0
2024-05-10 18:24:18,"51,13","30,9",6,47,0
2024-05-10 18:24:21,"51,15","30,89",6,44,0
2024-05-10 18:24:26,"51,18","30,91",5,41,0
2024-05-10 18:24:31,"51,15","30,93",5,40,0
2024-05-10 18:24:36,"51,14","30,91",5,40,0
2024-05-10 18:24:41,"51,23","30,87",5,40,0
2024-05-10 18:24:46,"51,26","30,84",6,42,0
2024-05-10 18:24:51,"51,3","30,85",6,42,0
2024-05-10 18:24:56,"51,28","30,85",6,42,0
2024-05-10 18:25:01,"51,3","30,84",6,44,6
2024-05-10 18:25:06,"51,36","30,84",6,46,0
2024-05-10 18:25:11,"51,38","30,81",6,48,0
2024-05-10 18:25:16,"51,41","30,81",6,49,0
2024-05-10 18:25:21,"51,39","30,82",6,48,0
2024-05-10 18:25:27,"51,42","30,81",6,47,0
2024-05-10 18:25:31,"51,41","30,79",6,46,0
2024-05-10 18:25:36,"51,44","30,8",6,46,0
2024-05-10 18:25:41,"51,39","30,84",6,47,0
2024-05-10 18:25:46,"51,35","30,84",6,48,0
2024-05-10 18:25:51,"51,35","30,86",6,47,0
2024-05-10 18:25:56,"51,38","30,85",6,45,0
2024-05-10 18:26:01,"51,36","30,86",6,45,0
2024-05-10 18:26:06,"51,39","30,84",6,47,0
2024-05-10 18:26:11,"51,38","30,81",6,48,0
2024-05-10 18:26:16,"51,43","30,82",6,47,0
2024-05-10 18:26:21,"51,43","30,78",6,45,0
2024-05-10 18:26:26,"51,45","30,79",6,45,0
2024-05-10 18:26:31,"51,47","30,76",6,45,0
2024-05-10 18:26:38,"51,5","30,77",6,43,0
2024-05-10 18:26:41,"51,5","30,76",5,41,0
2024-05-10 18:26:46,"51,53","30,77",5,41,0
2024-05-10 18:26:51,"51,5","30,75",6,42,0
2024-05-10 18:26:56,"51,56","30,75",6,42,0
2024-05-10 18:27:01,"51,56","30,73",6,42,0
2024-05-10 18:27:06,"51,6","30,73",6,43,0
2024-05-10 18:27:11,"51,61","30,74",6,43,0
2024-05-10 18:27:17,"51,59","30,78",6,44,0
2024-05-10 18:27:22,"51,58","30,76",6,44,0
2024-05-10 18:27:26,"51,59","30,74",6,45,0
2024-05-10 18:27:31,"51,57","30,76",6,47,0
2024-05-10 18:27:36,"51,64","30,74",6,46,0
2024-05-10 18:27:41,"51,61","30,78",6,46,0
2024-05-10 18:27:46,"51,61","30,74",6,45,0
2024-05-10 18:27:51,"51,61","30,75",6,44,0
2024-05-10 18:28:01,"51,65","30,76",5,41,0
2024-05-10 18:28:06,"51,65","30,74",5,40,0
2024-05-10 18:28:11,"51,59","30,75",5,40,0
2024-05-10 18:28:16,"51,58","30,75",5,41,0
2024-05-10 18:28:21,"51,66","30,75",6,42,0
2024-05-10 18:28:26,"51,68","30,73",6,44,0
2024-05-10 18:28:31,"51,66","30,74",6,45,0
2024-05-10 18:28:36,"51,64","30,74",6,47,0
2024-05-10 18:28:41,"51,68","30,74",6,48,0
2024-05-10 18:28:46,"51,69","30,72",6,48,0
2024-05-10 18:28:51,"51,71","30,7",6,48,0
2024-05-10 18:28:56,"51,7","30,73",6,46,0
2024-05-10 18:29:01,"51,67","30,71",6,46,0
2024-05-10 18:29:06,"51,71","30,73",6,46,0
2024-05-10 18:29:11,"51,72","30,71",6,44,0
2024-05-10 18:29:16,"51,71","30,71",6,44,0
2024-05-10 18:29:21,"51,76","30,69",6,45,0
2024-05-10 18:29:26,"51,77","30,67",6,46,0
2024-05-10 18:29:31,"51,78","30,67",6,44,0
2024-05-10 18:29:36,"51,81","30,67",6,43,0
2024-05-10 18:29:41,"51,84","30,66",6,42,0
2024-05-10 18:29:46,"51,83","30,67",6,42,0
2024-05-10 18:29:51,"51,87","30,66",6,42,0
2024-05-10 18:29:56,"51,87","30,67",6,42,0
2024-05-10 18:30:01,"51,87","30,66",6,43,6
2024-05-10 18:30:06,"51,86","30,66",6,42,0
2024-05-10 18:30:11,"51,91","30,65",6,42,0
2024-05-10 18:30:16,"51,88","30,65",5,41,0
2024-05-10 18:30:21,"51,9","30,65",6,44,0
2024-05-10 18:30:26,"51,91","30,68",6,47,0
2024-05-10 18:30:31,"51,85","30,66",6,47,0
2024-05-10 18:30:36,"51,91","30,67",6,47,0
2024-05-10 18:30:41,"51,86","30,67",6,45,0
2024-05-10 18:30:46,"51,85","30,69",6,45,0
2024-05-10 18:30:53,"51,84","30,67",6,46,0
2024-05-10 18:30:56,"51,84","30,67",6,45,0
2024-05-10 18:31:01,"51,83","30,65",6,43,0
2024-05-10 18:31:06,"51,89","30,67",6,42,0
2024-05-10 18:31:11,"51,87","30,64",5,41,0
2024-05-10 18:31:16,"51,87","30,63",6,42,0
2024-05-10 18:31:21,"51,88","30,65",6,42,0
2024-05-10 18:31:26,"51,85","30,66",6,42,0
2024-05-10 18:31:31,"51,84","30,62",5,41,0
2024-05-10 18:31:36,"51,88","30,62",6,42,0
2024-05-10 18:31:41,"51,92","30,61",6,43,0
2024-05-10 18:31:46,"51,91","30,64",6,42,0
2024-05-10 18:31:51,"51,88","30,61",6,43,0
2024-05-10 18:31:56,"51,89","30,61",6,44,0
2024-05-10 18:32:01,"51,9","30,64",6,44,0
2024-05-10 18:32:06,"51,87","30,64",6,43,0
2024-05-10 18:32:11,"51,88","30,6",6,44,0
2024-05-10 18:32:16,"51,93","30,61",6,44,0
2024-05-10 18:32:21,"51,93","30,61",6,45,0
2024-05-10 18:32:26,"51,89","30,6",6,46,0
2024-05-10 18:32:31,"51,92","30,6",6,48,0
2024-05-10 18:32:36,"51,89","30,6",6,47,0
2024-05-10 18:32:41,"51,93","30,61",6,45,0
2024-05-10 18:32:46,"51,89","30,6",6,44,0
2024-05-10 18:32:51,"51,99","30,59",6,44,0
2024-05-10 18:33:01,"51,97","30,56",6,44,0
2024-05-10 18:33:06,"51,97","30,59",6,43,0
2024-05-10 18:33:11,"51,95","30,59",6,42,0
2024-05-10 18:33:16,"51,96","30,58",6,42,0
2024-05-10 18:33:21,"51,96","30,6",6,43,0
2024-05-10 18:33:26,"51,98","30,59",6,44,0
2024-05-10 18:33:31,"51,93","30,57",6,44,0
2024-05-10 18:33:36,"51,98","30,55",6,44,0
2024-05-10 18:33:41,"51,98","30,58",6,43,0
2024-05-10 18:33:46,52,"30,57",6,44,0
2024-05-10 18:33:51,52,"30,57",6,44,0
2024-05-10 18:33:56,"51,98","30,57",6,44,0
2024-05-10 18:34:01,"51,97","30,56",6,44,0
2024-05-10 18:34:06,"51,97","30,55",6,44,0
2024-05-10 18:34:11,"51,98","30,59",6,44,0
2024-05-10 18:34:16,"51,97","30,56",6,42,0
2024-05-10 18:34:21,"51,95","30,56",5,41,0
2024-05-10 18:34:26,"51,99","30,55",5,40,0
2024-05-10 18:34:31,"51,99","30,55",5,39,0
2024-05-10 18:34:36,"52,01","30,54",5,39,0
2024-05-10 18:34:41,"51,95","30,57",5,40,0
2024-05-10 18:34:46,"51,97","30,56",5,41,0
2024-05-10 18:34:51,"51,98","30,56",6,42,0
2024-05-10 18:34:56,"52,01","30,55",6,43,0
2024-05-10 18:35:01,"52,03","30,57",6,44,6
2024-05-10 18:35:07,"51,96","30,54",6,45,0
2024-05-10 18:35:11,52,"30,56",6,43,0
2024-05-10 18:35:16,"51,96","30,55",6,42,0
2024-05-10 18:35:21,"51,94","30,59",5,40,0
2024-05-10 18:35:26,"51,98","30,53",5,40,0
2024-05-10 18:35:31,"52,03","30,56",5,40,0
2024-05-10 18:35:36,"51,98","30,56",5,41,0
2024-05-10 18:35:41,"51,97","30,55",5,40,0
2024-05-10 18:35:46,"51,99","30,57",5,40,0
2024-05-10 18:35:51,52,"30,53",5,41,0
2024-05-10 18:35:56,"52,11","30,42",5,41,0
2024-05-10 18:36:01,"52,33","30,37",6,42,0
2024-05-10 18:36:06,"52,49","30,26",6,42,0
2024-05-10 18:36:12,"52,7","30,2",5,41,0
2024-05-10 18:36:16,"52,81","30,2",5,40,0
2024-05-10 18:36:21,"52,81","30,21",5,40,0
2024-05-10 18:36:26,"52,79","30,18",5,39,0
2024-05-10 18:36:31,"52,83","30,17",5,39,0
2024-05-10 18:36:36,"52,88","30,16",5,37,0
2024-05-10 18:36:41,"52,86","30,15",5,38,0
2024-05-10 18:36:46,"52,88","30,14",5,39,0
2024-05-10 18:36:51,"52,89","30,15",5,41,0
2024-05-10 18:36:56,"52,89","30,13",6,42,0
2024-05-10 18:37:01,"52,87","30,15",6,45,0
2024-05-10 18:37:06,"52,8","30,19",6,45,0
2024-05-10 18:37:11,"52,73","30,24",6,46,0
2024-05-10 18:37:16,"52,68","30,24",6,47,0
2024-05-10 18:37:21,"52,6","30,27",6,47,0
2024-05-10 18:37:26,"52,55","30,28",6,46,0
2024-05-10 18:37:31,"52,53","30,29",6,46,0
2024-05-10 18:37:36,"52,55","30,27",6,45,0
2024-05-10 18:37:41,"52,6","30,3",5,41,0
2024-05-10 18:37:46,"52,56","30,31",5,40,0
2024-05-10 18:37:51,"52,5","30,33",5,40,0
2024-05-10 18:38:01,"52,46","30,31",5,38,0
2024-05-10 18:38:06,"52,5","30,32",5,36,0
2024-05-10 18:38:11,"52,48","30,3",5,37,0
2024-05-10 18:38:16,"52,5","30,3",5,38,0
2024-05-10 18:38:21,"52,5","30,31",5,38,0
2024-05-10 18:38:26,"52,46","30,29",5,39,0
2024-05-10 18:38:31,"52,57","30,24",5,40,0
2024-05-10 18:38:36,"52,64","30,27",6,42,0
2024-05-10 18:38:41,"52,61","30,29",6,43,0
2024-05-10 18:38:46,"52,62","30,26",5,41,0
2024-05-10 18:38:51,"52,66","30,27",5,41,0
2024-05-10 18:38:56,"52,76","30,28",5,41,0
2024-05-10 18:39:01,"52,68","30,24",5,41,0
2024-05-10 18:39:06,"52,74","30,19",5,40,0
2024-05-10 18:39:11,"52,78","30,16",5,37,0
2024-05-10 18:39:16,"52,94","30,12",5,37,0
2024-05-10 18:39:22,"53,08","30,07",5,38,0
2024-05-10 18:39:26,"53,15","30,07",5,38,0
2024-05-10 18:39:31,"53,11","30,09",5,37,0
2024-05-10 18:39:36,"53,07","30,12",5,38,0
2024-05-10 18:39:41,"53,04","30,12",5,38,0
2024-05-10 18:39:46,"52,94","30,16",5,38,0
2024-05-10 18:39:51,"52,96","30,18",5,40,0
2024-05-10 18:39:56,"52,91","30,18",5,40,0
2024-05-10 18:40:01,"52,89","30,16",5,40,5
2024-05-10 18:40:06,"53,08","30,11",5,40,0
2024-05-10 18:40:11,"53,22","30,07",5,41,0
2024-05-10 18:40:16,"53,29","30,07",6,42,0
2024-05-10 18:40:21,"53,64","30,08",6,42,0
2024-05-10 18:40:26,"53,39","30,1",6,42,0
2024-05-10 18:40:31,"53,27","30,08",5,40,0
2024-05-10 18:40:36,"53,25","30,1",5,39,0
2024-05-10 18:40:47,"53,21","30,12",5,36,0
2024-05-10 18:40:51,"53,24","30,1",5,37,0
2024-05-10 18:40:57,"53,26","30,07",5,37,0
2024-05-10 18:41:02,"53,32","30,07",5,37,0
2024-05-10 18:41:07,"53,34","30,08",5,35,0
2024-05-10 18:41:11,"53,34","30,05",5,36,0
2024-05-10 18:41:16,"53,39","30,04",5,39,0
2024-05-10 18:41:22,"53,44","30,03",6,42,0
2024-05-10 18:41:27,"53,47","30,02",6,43,0
2024-05-10 18:41:31,"53,38","30,02",6,43,0
2024-05-10 18:41:36,"53,42","30,01",6,43,0
2024-05-10 18:41:41,"53,42","30,01",6,43,0
2024-05-10 18:41:47,"53,44",30,6,42,0
2024-05-10 18:41:51,"53,42","29,98",5,41,0
2024-05-10 18:41:56,"53,41","29,98",5,40,0
2024-05-10 18:42:02,"53,44","29,98",5,40,0
2024-05-10 18:42:06,"53,42",30,5,41,0
2024-05-10 18:42:12,"53,38","30,02",6,42,0
2024-05-10 18:42:16,"53,37","30,03",6,42,0
2024-05-10 18:42:25,"53,34","30,04",6,42,0
2024-05-10 18:42:27,"53,33","30,05",6,43,0
2024-05-10 18:42:32,"53,31","30,06",6,42,0
2024-05-10 18:42:36,"53,29","30,07",5,41,0
2024-05-10 18:42:42,"53,23","30,08",6,42,0
2024-05-10 18:42:47,"53,21","30,09",6,42,0
2024-05-10 18:42:56,"53,21","30,11",5,41,0
2024-05-10 18:43:01,"53,12","30,16",5,41,0
2024-05-10 18:43:06,"53,09","30,15",5,40,0
2024-05-10 18:43:11,"53,02","30,17",5,39,0
2024-05-10 18:43:16,"53,07","30,16",5,39,0
2024-05-10 18:43:22,"53,1","30,18",5,40,0
2024-05-10 18:43:27,"53,12","30,19",6,44,0
2024-05-10 18:43:32,"53,05","30,17",6,43,0
2024-05-10 18:43:37,"52,98","30,16",5,40,0
2024-05-10 18:43:41,"53,06","30,16",5,37,0
2024-05-10 18:43:47,"53,06","30,18",5,36,0
2024-05-10 18:43:51,"53,03","30,15",5,37,0
2024-05-10 18:43:56,"53,05","30,16",5,38,0
2024-05-10 18:44:01,"53,02","30,18",5,40,0
2024-05-10 18:44:07,"53,02","30,17",5,39,0
2024-05-10 18:44:12,"53,03","30,16",5,39,0
2024-05-10 18:44:16,"53,01","30,17",5,38,0
2024-05-10 18:44:21,"53,02","30,18",5,39,0
2024-05-10 18:44:26,"53,01","30,19",5,40,0
2024-05-10 18:44:31,"52,98","30,17",5,39,0
2024-05-10 18:44:36,"53,04","30,15",5,38,0
2024-05-10 18:44:46,"53,06","30,13",5,37,0
2024-05-10 18:44:51,"53,07","30,15",5,38,0
2024-05-10 18:44:56,"53,1","30,13",5,39,0
2024-05-10 18:45:01,"53,1","30,16",5,40,5
2024-05-10 18:45:06,"53,12","30,13",5,41,0
2024-05-10 18:45:12,"53,09","30,15",5,41,0
2024-05-10 18:45:16,"53,09","30,16",5,40,0
2024-05-10 18:45:21,"53,11","30,14",5,39,0
2024-05-10 18:45:26,"53,12","30,14",5,38,0
2024-05-10 18:45:33,"53,14","30,14",5,38,0
2024-05-10 18:45:36,"53,13","30,12",5,38,0
2024-05-10 18:45:41,"53,15","30,12",5,38,0
2024-05-10 18:45:46,"53,17","30,15",5,37,0
2024-05-10 18:45:51,"53,14","30,13",5,39,0
2024-05-10 18:45:56,"53,17","30,12",5,40,0
2024-05-10 18:46:03,"53,18","30,13",5,39,0
2024-05-10 18:46:06,"53,13","30,14",5,40,0
2024-05-10 18:46:11,"53,16","30,15",5,39,0
2024-05-10 18:46:16,"53,14","30,15",5,40,0
2024-05-10 18:46:21,"53,1","30,15",5,41,0
2024-05-10 18:46:27,"53,11","30,15",5,41,0
2024-05-10 18:46:32,"53,12","30,15",6,42,0
2024-05-10 18:46:37,"53,08","30,14",5,41,0
2024-05-10 18:46:41,"53,05","30,16",5,41,0
2024-05-10 18:46:47,"53,06","30,17",5,39,0
2024-05-10 18:46:52,"53,07","30,16",5,38,0
2024-05-10 18:46:56,"53,09","30,14",5,39,0
2024-05-10 18:47:02,"53,15","30,13",5,41,0
2024-05-10 18:47:06,"53,18","30,14",5,41,0
2024-05-10 18:47:11,"53,13","30,12",5,41,0
2024-05-10 18:47:16,"53,15","30,12",6,42,0
2024-05-10 18:47:22,"53,14","30,13",5,41,0
2024-05-10 18:47:26,"53,16","30,12",5,40,0
2024-05-10 18:47:31,"53,13","30,12",5,39,0
2024-05-10 18:47:41,"53,11","30,13",5,37,0
2024-05-10 18:47:46,"53,17","30,12",5,37,0
2024-05-10 18:47:51,"53,18","30,14",5,37,0
2024-05-10 18:48:02,"53,16","30,13",5,37,0
2024-05-10 18:48:07,"53,15","30,12",5,37,0
2024-05-10 18:48:11,"53,15","30,12",5,38,0
2024-05-10 18:48:16,"53,19","30,1",5,39,0
2024-05-10 18:48:21,"53,17","30,11",5,40,0
2024-05-10 18:48:26,"53,18","30,1",5,39,0
2024-05-10 18:48:31,"53,21","30,12",5,38,0
2024-05-10 18:48:36,"53,19","30,11",5,37,0
2024-05-10 18:48:42,"53,13","30,11",5,37,0
2024-05-10 18:48:46,"53,14","30,1",5,36,0
2024-05-10 18:48:52,"53,12","30,09",5,36,0
2024-05-10 18:48:56,"53,18","30,09",5,35,0
2024-05-10 18:49:02,"53,15","30,08",5,36,0
2024-05-10 18:49:07,"53,18","30,08",5,37,0
2024-05-10 18:49:11,"53,17","30,09",5,38,0
2024-05-10 18:49:19,"53,21","30,09",5,38,0
2024-05-10 18:49:22,"53,22","30,09",5,38,0
2024-05-10 18:49:27,"53,21","30,09",5,38,0
2024-05-10 18:49:31,"53,2","30,09",5,36,0
2024-05-10 18:49:36,"53,21","30,1",5,34,0
2024-05-10 18:49:41,"53,21","30,1",5,35,0
2024-05-10 18:49:47,"53,19","30,09",5,35,0
2024-05-10 18:49:52,"53,19","30,09",5,35,0
2024-05-10 18:49:56,"53,16","30,09",5,36,0
2024-05-10 18:50:01,"53,14","30,06",5,37,5
2024-05-10 18:50:06,"53,12","30,09",5,38,0
2024-05-10 18:50:12,"53,11","30,08",5,40,0
2024-05-10 18:50:16,"53,11","30,07",5,41,0
2024-05-10 18:50:21,"53,14","30,07",5,41,0
2024-05-10 18:50:27,"53,13","30,1",5,41,0
2024-05-10 18:50:32,"53,1","30,08",5,41,0
2024-05-10 18:50:37,"53,1","30,06",5,39,0
2024-05-10 18:50:41,"53,17","30,06",5,37,0
2024-05-10 18:50:46,"53,14","30,05",5,35,0
2024-05-10 18:50:51,"53,17","30,05",5,34,0
2024-05-10 18:50:57,"53,15","30,03",5,35,0
2024-05-10 18:51:02,"53,2","30,02",5,35,0
2024-05-10 18:51:12,"53,31","30,02",4,33,0
2024-05-10 18:51:21,"53,29","29,99",4,34,0
2024-05-10 18:51:32,"53,28","30,02",5,34,0
2024-05-10 18:51:37,"53,29","29,98",5,35,0
2024-05-10 18:51:42,"53,29","30,01",5,36,0
2024-05-10 18:51:48,"53,26",30,5,36,0
2024-05-10 18:51:52,"53,24",30,5,36,0
2024-05-10 18:51:57,"53,26",30,5,34,0
2024-05-10 18:52:01,"53,27","30,01",4,33,0
2024-05-10 18:52:06,"53,27","30,01",4,33,0
2024-05-10 18:52:11,"53,22","29,98",4,32,0
2024-05-10 18:52:16,"53,22",30,4,32,0
2024-05-10 18:52:23,"53,24","29,99",5,35,0
2024-05-10 18:52:26,"53,26","29,98",5,37,0
2024-05-10 18:52:31,"53,26","29,98",5,38,0
2024-05-10 18:52:36,"53,27","29,97",5,38,0
2024-05-10 18:52:42,"53,27","29,98",5,38,0
2024-05-10 18:52:46,"53,28","29,98",5,37,0
2024-05-10 18:52:51,"53,29",30,5,38,0
2024-05-10 18:53:01,"53,23","29,98",5,41,0
2024-05-10 18:53:06,"53,21",30,5,41,0
2024-05-10 18:53:12,"53,21","29,97",5,41,0
2024-05-10 18:53:17,"53,24","29,98",5,40,0
2024-05-10 18:53:21,"53,21",30,5,40,0
2024-05-10 18:53:26,"53,25","29,98",5,40,0
2024-05-10 18:53:32,"53,28","29,98",5,41,0
2024-05-10 18:53:36,"53,24","30,01",5,40,0
2024-05-10 18:53:42,"53,27",30,5,39,0
2024-05-10 18:53:46,"53,29","29,98",5,37,0
2024-05-10 18:53:52,"53,29","29,96",5,35,0
2024-05-10 18:53:56,"53,31","29,97",5,35,0
2024-05-10 18:54:02,"53,23","29,97",5,35,0
2024-05-10 18:54:07,"53,28","29,97",5,35,0
2024-05-10 18:54:11,"53,31","29,96",5,35,0
2024-05-10 18:54:16,"53,33","29,94",5,36,0
2024-05-10 18:54:21,"53,29","29,96",5,36,0
2024-05-10 18:54:26,"53,32","29,92",5,36,0
2024-05-10 18:54:32,"53,37","29,93",5,36,0
2024-05-10 18:54:36,"53,38","29,91",5,36,0
2024-05-10 18:54:41,"53,34","29,91",5,36,0
2024-05-10 18:54:46,"53,39","29,93",5,36,0
2024-05-10 18:54:55,"53,39","29,92",5,36,0
2024-05-10 18:54:58,"53,37","29,92",5,35,0
2024-05-10 18:55:02,"53,28","29,93",5,35,5
2024-05-10 18:55:06,"53,35","29,96",5,36,0
2024-05-10 18:55:11,"53,36","29,92",5,37,0
2024-05-10 18:55:16,"53,31","29,94",5,38,0
2024-05-10 18:55:21,"53,33","29,95",5,38,0
2024-05-10 18:55:26,"53,28","29,92",5,37,0
2024-05-10 18:55:34,"53,19","29,96",5,36,0
2024-05-10 18:55:37,"53,29","29,94",5,37,0
2024-05-10 18:55:42,"53,23","29,96",5,39,0
2024-05-10 18:55:46,"53,19","29,96",5,39,0
2024-05-10 18:55:51,"53,19","29,94",5,39,0
2024-05-10 18:55:56,"53,2","29,96",5,40,0
2024-05-10 18:56:01,"53,23","29,94",5,38,0
2024-05-10 18:56:06,"53,32","29,93",5,38,0
2024-05-10 18:56:11,"53,31","29,96",5,36,0
2024-05-10 18:56:16,"53,35","29,92",5,35,0
2024-05-10 18:56:22,"53,37","29,93",5,34,0
2024-05-10 18:56:26,"53,33","29,93",5,35,0
2024-05-10 18:56:32,"53,36","29,93",5,36,0
2024-05-10 18:56:36,"53,35","29,92",5,37,0
2024-05-10 18:56:41,"53,34","29,93",5,36,0
2024-05-10 18:56:46,"53,35","29,91",5,36,0
2024-05-10 18:56:51,"53,36","29,92",5,35,0
2024-05-10 18:56:57,"53,35","29,91",5,37,0
2024-05-10 18:57:01,"53,35","29,91",5,37,0
2024-05-10 18:57:06,"53,33","29,91",5,36,0
2024-05-10 18:57:11,"53,31","29,92",5,38,0
2024-05-10 18:57:17,"53,31","29,94",5,39,0
2024-05-10 18:57:21,"53,24","29,93",5,39,0
2024-05-10 18:57:26,"53,26","29,93",5,38,0
2024-05-10 18:57:32,"53,23","29,93",5,38,0
2024-05-10 18:57:36,"53,24","29,93",5,37,0
2024-05-10 18:57:42,"53,25","29,93",5,36,0
2024-05-10 18:57:46,"53,24","29,91",5,35,0
2024-05-10 18:57:51,"53,25","29,92",4,34,0
2024-05-10 18:58:03,"53,29","29,93",5,36,0
2024-05-10 18:58:07,"53,31","29,93",5,37,0
2024-05-10 18:58:11,"53,29","29,93",5,38,0
2024-05-10 18:58:16,"53,3","29,91",5,37,0
2024-05-10 18:58:21,"53,28","29,93",5,36,0
2024-05-10 18:58:26,"53,3","29,92",5,35,0
2024-05-10 18:58:32,"53,29","29,91",5,34,0
2024-05-10 18:58:36,"53,35","29,9",5,35,0
2024-05-10 18:58:44,"53,3","29,9",5,36,0
2024-05-10 18:58:49,"53,33","29,93",5,36,0
2024-05-10 18:58:53,"53,3","29,91",5,36,0
2024-05-10 18:58:56,"53,28","29,9",5,38,0
2024-05-10 18:59:01,"53,27","29,91",5,39,0
2024-05-10 18:59:06,"53,28","29,91",5,41,0
2024-05-10 18:59:11,"53,27","29,9",5,41,0
2024-05-10 18:59:16,"53,25","29,9",5,41,0
2024-05-10 18:59:23,"53,29","29,92",5,40,0
2024-05-10 18:59:26,"53,24","29,92",5,40,0
2024-05-10 18:59:32,"53,24","29,92",5,39,0
2024-05-10 18:59:37,"53,26","29,91",5,38,0
2024-05-10 18:59:42,"53,27","29,91",5,37,0
2024-05-10 18:59:47,"53,29","29,9",5,36,0
2024-05-10 18:59:52,"53,29","29,92",5,36,0
2024-05-10 18:59:56,"53,25","29,91",5,36,0
2024-05-10 19:00:02,"53,26","29,9",5,36,5
2024-05-10 19:00:06,"53,31","29,92",5,36,0
2024-05-10 19:00:12,"53,31","29,91",5,36,0
2024-05-10 19:00:16,"53,32","29,91",5,37,0
2024-05-10 19:00:21,"53,38","29,89",5,39,0
2024-05-10 19:00:27,"53,4","29,87",6,42,0
2024-05-10 19:00:31,"53,39","29,87",6,43,0
2024-05-10 19:00:36,"53,36","29,88",6,43,0
2024-05-10 19:00:41,"53,37","29,87",6,43,0
2024-05-10 19:00:51,"53,36","29,87",6,43,0
2024-05-10 19:00:56,"53,34","29,88",5,41,0
2024-05-10 19:01:02,"53,31","29,86",5,39,0
2024-05-10 19:01:10,"53,39","29,86",5,40,0
2024-05-10 19:01:11,"53,39","29,83",5,41,0
2024-05-10 19:01:15,"53,43","29,82",5,41,0
2024-05-10 19:01:19,"53,45","29,84",5,41,0
2024-05-10 19:01:21,"53,45","29,84",5,40,0
2024-05-10 19:01:27,"53,44","29,82",5,39,0
2024-05-10 19:01:31,"53,45","29,81",5,38,0
2024-05-10 19:01:36,"53,46","29,81",5,36,0
2024-05-10 19:01:46,"53,51","29,83",5,37,0
2024-05-10 19:01:50,"53,56","29,79",5,38,0
2024-05-10 19:01:53,"53,53","29,81",5,39,0
2024-05-10 19:01:57,"53,52","29,81",5,40,0
2024-05-10 19:02:01,"53,51","29,8",5,40,0
2024-05-10 19:02:07,"53,52","29,84",5,38,0
2024-05-10 19:02:13,"53,55","29,81",5,37,0
2024-05-10 19:02:17,"53,51","29,8",5,36,0
2024-05-10 19:02:23,"53,53","29,81",5,34,0
2024-05-10 19:02:26,"53,5","29,8",4,33,0
2024-05-10 19:02:31,"53,46","29,79",4,33,0
2024-05-10 19:02:37,"53,51","29,79",4,33,0
2024-05-10 19:02:42,"53,51","29,78",4,33,0
2024-05-10 19:02:46,"53,5","29,8",5,34,0
2024-05-10 19:02:51,"53,49","29,8",5,35,0
2024-05-10 19:03:01,"53,53","29,79",5,36,0
2024-05-10 19:03:07,"53,47","29,78",5,36,0
2024-05-10 19:03:11,"53,54","29,78",5,37,0
2024-05-10 19:03:16,"53,54","29,79",5,37,0
2024-05-10 19:03:21,"53,55","29,78",5,37,0
2024-05-10 19:03:26,"53,57","29,78",5,37,0
2024-05-10 19:03:32,"53,57","29,79",5,36,0
2024-05-10 19:03:36,"53,61","29,79",5,38,0
2024-05-10 19:03:42,"53,57","29,8",5,40,0
2024-05-10 19:03:46,"53,57","29,8",5,39,0
2024-05-10 19:03:51,"53,59","29,8",5,38,0
2024-05-10 19:03:56,"53,53","29,81",5,37,0
2024-05-10 19:04:02,"53,56","29,83",5,37,0
2024-05-10 19:04:06,"53,52","29,82",5,37,0
2024-05-10 19:04:12,"53,54","29,81",5,37,0
2024-05-10 19:04:18,"53,5","29,8",5,37,0
2024-05-10 19:04:22,"53,52","29,83",5,36,0
2024-05-10 19:04:27,"53,49","29,82",5,37,0
2024-05-10 19:04:31,"53,48","29,82",5,38,0
2024-05-10 19:04:36,"53,46","29,83",5,39,0
2024-05-10 19:04:43,"53,45","29,84",5,39,0
2024-05-10 19:04:46,"53,48","29,85",5,38,0
2024-05-10 19:04:51,"53,44","29,84",5,38,0
2024-05-10 19:04:56,"53,43","29,82",5,37,0
2024-05-10 19:05:04,"53,41","29,77",5,36,5
2024-05-10 19:05:08,"53,47","29,74",5,37,0
2024-05-10 19:05:11,"53,59","29,7",5,36,0
2024-05-10 19:05:16,"53,82","29,66",5,36,0
2024-05-10 19:05:21,"53,89","29,7",5,36,0
2024-05-10 19:05:27,"53,8","29,71",5,37,0
2024-05-10 19:05:31,"53,79","29,73",5,37,0
2024-05-10 19:05:36,"53,74","29,74",5,40,0
2024-05-10 19:05:42,"53,74","29,74",6,42,0
2024-05-10 19:05:47,"53,76","29,75",6,42,0
2024-05-10 19:05:53,"53,71","29,75",6,43,0
2024-05-10 19:05:57,"53,69","29,8",6,43,0
2024-05-10 19:06:01,"53,63","29,81",6,42,0
2024-05-10 19:06:07,"53,58","29,78",5,41,0
2024-05-10 19:06:11,"53,51","29,79",5,41,0
2024-05-10 19:06:17,"53,46","29,81",6,42,0
2024-05-10 19:06:21,"53,48","29,82",5,41,0
2024-05-10 19:06:27,"53,48","29,77",5,40,0
2024-05-10 19:06:31,"53,46","29,82",5,39,0
2024-05-10 19:06:36,"53,41","29,78",5,37,0
2024-05-10 19:06:42,"53,38","29,77",5,37,0
2024-05-10 19:06:47,"53,44","29,77",5,37,0
2024-05-10 19:06:52,"53,45","29,81",5,36,0
2024-05-10 19:06:56,"53,47","29,82",5,36,0
2024-05-10 19:07:02,"53,43","29,85",5,35,0
2024-05-10 19:07:06,"53,36","29,85",5,36,0
2024-05-10 19:07:11,"53,33","29,83",5,38,0
2024-05-10 19:07:16,"53,32","29,87",5,38,0
2024-05-10 19:07:24,"53,29","29,88",5,37,0
2024-05-10 19:07:28,"53,28","29,9",5,39,0
2024-05-10 19:07:31,"53,28","29,87",5,39,0
2024-05-10 19:07:36,"53,24","29,88",5,40,0
2024-05-10 19:07:41,"53,24","29,88",5,40,0
2024-05-10 19:07:46,"53,23","29,89",5,41,0
2024-05-10 19:07:51,"53,22","29,88",5,41,0
2024-05-10 19:08:02,"53,27","29,88",5,36,0
2024-05-10 19:08:07,"53,26","29,89",4,34,0
2024-05-10 19:08:11,"53,25","29,9",4,34,0
2024-05-10 19:08:16,"53,27","29,9",5,35,0
2024-05-10 19:08:22,"53,23","29,86",5,38,0
2024-05-10 19:08:27,"53,26","29,9",5,40,0
2024-05-10 19:08:31,"53,24","29,9",6,42,0
2024-05-10 19:08:37,"53,24","29,91",6,43,0
2024-05-10 19:08:42,"53,24","29,89",6,42,0
2024-05-10 19:08:47,"53,22","29,87",5,40,0
2024-05-10 19:08:52,"53,22","29,9",5,39,0
2024-05-10 19:08:56,"53,25","29,87",5,37,0
2024-05-10 19:09:02,"53,25","29,9",5,36,0
2024-05-10 19:09:07,"53,26","29,89",5,36,0
2024-05-10 19:09:11,"53,26","29,89",5,35,0
2024-05-10 19:09:16,"53,28","29,86",5,35,0
2024-05-10 19:09:21,"53,29","29,88",5,35,0
2024-05-10 19:09:26,"53,3","29,84",5,35,0
2024-05-10 19:09:32,"53,28","29,87",5,35,0
2024-05-10 19:09:37,"53,29","29,86",5,35,0
2024-05-10 19:09:41,"53,29","29,87",5,36,0
2024-05-10 19:09:46,"53,28","29,87",5,37,0
2024-05-10 19:09:53,"53,31","29,91",5,38,0
2024-05-10 19:09:57,"53,28","29,87",5,39,0
2024-05-10 19:10:01,"53,27","29,84",5,39,5
2024-05-10 19:10:06,"53,35","29,82",5,40,0
2024-05-10 19:10:12,"53,42","29,77",5,39,0
2024-05-10 19:10:16,"53,59","29,72",5,40,0
2024-05-10 19:10:21,"53,71","29,77",5,41,0
2024-05-10 19:10:26,"53,69","29,77",5,41,0
2024-05-10 19:10:33,"53,66","29,76",6,42,0
2024-05-10 19:10:36,"53,66","29,78",6,42,0
2024-05-10 19:10:41,"53,3","29,78",5,40,0
2024-05-10 19:10:53,"53,14","29,81",5,39,0
2024-05-10 19:10:57,"53,06","29,79",5,37,0
2024-05-10 19:11:01,"52,99","29,81",5,37,0
2024-05-10 19:11:03,"53,06","29,81",5,39,0
2024-05-10 19:11:07,"53,12","29,79",5,39,0
2024-05-10 19:11:11,"53,26","29,8",5,40,0
2024-05-10 19:11:17,"53,24","29,79",5,41,0
2024-05-10 19:11:22,"53,32","29,78",5,41,0
2024-05-10 19:11:26,"53,29","29,75",6,42,0
2024-05-10 19:11:31,"53,31","29,8",6,42,0
2024-05-10 19:11:36,"53,13","29,81",6,42,0
2024-05-10 19:11:42,"53,09","29,84",6,42,0
2024-05-10 19:11:46,"53,03","29,82",5,41,0
2024-05-10 19:11:51,"52,99","29,83",5,40,0
2024-05-10 19:11:56,"52,91","29,78",5,37,0
2024-05-10 19:12:01,"52,95","29,82",5,38,0
2024-05-10 19:12:06,"52,95","29,86",5,40,0
2024-05-10 19:12:11,"53,15","29,85",5,40,0
2024-05-10 19:12:16,"53,19","29,86",5,39,0
2024-05-10 19:12:22,"53,21","29,86",5,38,0
2024-05-10 19:12:26,"53,45","29,87",5,38,0
2024-05-10 19:12:31,"53,7","29,86",5,36,0
2024-05-10 19:12:36,"53,61","29,89",5,36,0
2024-05-10 19:12:41,"53,42","29,85",5,36,0
2024-05-10 19:12:46,"53,35","29,86",5,37,0
2024-05-10 19:12:52,"53,36","29,84",5,38,0
2024-05-10 19:13:01,"53,26","29,82",5,40,0
2024-05-10 19:13:06,"53,28","29,81",5,40,0
2024-05-10 19:13:11,"53,28","29,78",5,40,0
2024-05-10 19:13:16,"53,26","29,78",5,40,0
2024-05-10 19:13:22,"53,23","29,79",5,40,0
2024-05-10 19:13:26,"53,22","29,81",5,39,0
2024-05-10 19:13:31,"53,17","29,82",5,38,0
2024-05-10 19:13:37,"53,09","29,82",5,38,0
2024-05-10 19:13:46,"53,05","29,84",5,37,0
2024-05-10 19:13:49,"53,11","29,82",5,37,0
2024-05-10 19:13:53,"53,14","29,82",5,38,0
2024-05-10 19:13:56,"53,22","29,82",5,38,0
2024-05-10 19:14:01,"53,28","29,83",5,37,0
2024-05-10 19:14:06,"53,33","29,84",5,36,0
2024-05-10 19:14:11,"53,35","29,84",5,36,0
2024-05-10 19:14:16,"53,28","29,85",5,36,0
2024-05-10 19:14:21,"53,15","29,83",5,37,0
2024-05-10 19:14:26,"53,12","29,84",5,36,0
2024-05-10 19:14:31,"53,17","29,86",5,37,0
2024-05-10 19:14:36,"53,19","29,84",5,37,0
2024-05-10 19:14:41,"53,22","29,84",5,37,0
2024-05-10 19:14:47,"53,21","29,85",5,35,0
2024-05-10 19:14:51,"53,17","29,83",5,34,0
2024-05-10 19:14:56,"53,17","29,82",4,33,0
2024-05-10 19:15:02,"53,23","29,8",4,31,4
2024-05-10 19:15:07,"53,24","29,8",4,32,0
2024-05-10 19:15:11,"53,24","29,78",4,33,0
2024-05-10 19:15:16,"53,36","29,77",5,38,0
2024-05-10 19:15:22,"53,33","29,78",5,39,0
2024-05-10 19:15:26,"53,31","29,78",5,39,0
2024-05-10 19:15:31,"53,2","29,79",5,39,0
2024-05-10 19:15:36,"53,34","29,76",5,39,0
2024-05-10 19:15:41,"53,33","29,81",5,41,0
2024-05-10 19:15:47,"53,31","29,77",6,42,0
2024-05-10 19:15:51,"53,26","29,75",6,42,0
2024-05-10 19:15:57,"53,24","29,76",5,41,0
2024-05-10 19:16:01,"53,21","29,75",5,41,0
2024-05-10 19:16:07,"53,3","29,74",5,41,0
2024-05-10 19:16:11,"53,33","29,76",5,40,0
2024-05-10 19:16:16,"53,32","29,79",5,39,0
2024-05-10 19:16:21,"53,23","29,78",5,37,0
2024-05-10 19:16:26,"53,29","29,75",5,37,0
2024-05-10 19:16:32,"53,38","29,75",5,37,0
2024-05-10 19:16:36,"53,42","29,73",5,38,0
2024-05-10 19:16:41,"53,43","29,76",5,39,0
2024-05-10 19:16:49,"53,38","29,75",5,38,0
2024-05-10 19:16:54,"53,44","29,74",5,38,0
2024-05-10 19:16:58,"53,48","29,76",5,39,0
2024-05-10 19:17:02,"53,57","29,77",5,39,0
2024-05-10 19:17:06,"53,53","29,75",5,39,0
2024-05-10 19:17:11,"53,49","29,74",5,38,0
2024-05-10 19:17:16,"53,61","29,74",5,37,0
2024-05-10 19:17:21,"53,72","29,74",5,36,0
2024-05-10 19:17:26,"53,77","29,74",5,36,0
2024-05-10 19:17:31,"53,78","29,73",5,37,0
2024-05-10 19:17:36,"53,74","29,73",5,37,0
2024-05-10 19:17:41,"53,76","29,72",5,35,0
2024-05-10 19:17:46,"53,75","29,75",5,35,0
2024-05-10 19:17:51,"53,77","29,72",5,36,0
2024-05-10 19:18:01,"53,72","29,75",5,38,0
2024-05-10 19:18:06,"53,76","29,73",5,40,0
2024-05-10 19:18:11,"53,78","29,72",5,40,0
2024-05-10 19:18:16,"53,76","29,7",5,40,0
2024-05-10 19:18:21,"53,75","29,72",5,39,0
2024-05-10 19:18:26,"53,75","29,73",5,39,0
2024-05-10 19:18:31,"53,77","29,7",5,40,0
2024-05-10 19:18:36,"53,78","29,69",5,40,0
2024-05-10 19:18:41,"53,75","29,71",5,40,0
2024-05-10 19:18:46,"53,76","29,71",5,39,0
2024-05-10 19:18:51,"53,73","29,7",5,39,0
2024-05-10 19:18:56,"53,73","29,69",5,39,0
2024-05-10 19:19:01,"53,7","29,67",5,38,0
2024-05-10 19:19:07,"53,76","29,72",5,37,0
2024-05-10 19:19:11,"53,76","29,68",5,35,0
2024-05-10 19:19:16,"53,78","29,7",5,35,0
2024-05-10 19:19:25,"53,81","29,73",4,34,0
2024-05-10 19:19:28,"53,79","29,71",5,35,0
2024-05-10 19:19:32,"53,76","29,72",5,35,0
2024-05-10 19:19:36,"53,78","29,73",5,34,0
2024-05-10 19:19:41,"53,83","29,73",4,33,0
2024-05-10 19:19:46,"53,8","29,69",4,33,0
2024-05-10 19:19:51,"53,8","29,69",5,34,0
2024-05-10 19:19:57,"53,78","29,7",5,35,0
2024-05-10 19:20:01,"53,78","29,71",5,36,5
2024-05-10 19:20:06,"53,76","29,71",5,37,0
2024-05-10 19:20:11,"53,7","29,72",5,39,0
2024-05-10 19:20:16,"53,69","29,72",5,39,0
2024-05-10 19:20:21,"53,73","29,72",5,40,0
2024-05-10 19:20:26,"53,71","29,71",5,40,0
2024-05-10 19:20:31,"53,65","29,69",5,38,0
2024-05-10 19:20:36,"53,62","29,72",5,37,0
2024-05-10 19:20:41,"53,64","29,72",5,36,0
2024-05-10 19:20:46,"53,61","29,72",5,36,0
2024-05-10 19:20:51,"53,63","29,72",5,36,0
2024-05-10 19:20:56,"53,61","29,72",5,37,0
2024-05-10 19:21:01,"53,59","29,71",5,37,0
2024-05-10 19:21:07,"53,58","29,73",5,37,0
2024-05-10 19:21:11,"53,58","29,75",5,38,0
2024-05-10 19:21:16,"53,58","29,7",5,38,0
2024-05-10 19:21:21,"53,64","29,72",5,39,0
2024-05-10 19:21:26,"53,69","29,69",5,39,0
2024-05-10 19:21:31,"53,68","29,69",5,37,0
2024-05-10 19:21:36,"53,72","29,7",5,36,0
2024-05-10 19:21:41,"53,76","29,72",5,36,0
2024-05-10 19:21:46,"53,75","29,72",5,37,0
2024-05-10 19:21:51,"53,71","29,72",5,39,0
2024-05-10 19:21:56,"53,71","29,72",5,39,0
2024-05-10 19:22:01,"53,68","29,73",5,38,0
2024-05-10 19:22:06,"53,64","29,74",5,37,0
2024-05-10 19:22:11,"53,64","29,74",5,37,0
2024-05-10 19:22:21,"53,67","29,72",5,38,0
2024-05-10 19:22:24,"53,68","29,74",5,39,0
2024-05-10 19:22:28,"53,7","29,72",5,39,0
2024-05-10 19:22:31,"53,67","29,72",5,37,0
2024-05-10 19:22:36,"53,72","29,72",5,36,0
2024-05-10 19:22:41,"53,72","29,69",5,36,0
2024-05-10 19:22:46,"53,74","29,7",5,38,0
2024-05-10 19:22:51,"53,71","29,7",5,39,0
2024-05-10 19:23:05,"53,79","29,69",5,40,0
2024-05-10 19:23:09,"53,77","29,7",5,41,0
2024-05-10 19:23:12,"53,78","29,7",5,41,0
2024-05-10 19:23:16,"53,77","29,68",5,40,0
2024-05-10 19:23:21,"53,76","29,69",5,39,0
2024-05-10 19:23:26,"53,76","29,7",5,39,0
2024-05-10 19:23:31,"53,77","29,7",5,39,0
2024-05-10 19:23:36,"53,75","29,68",5,37,0
2024-05-10 19:23:41,"53,74","29,7",5,37,0
2024-05-10 19:23:46,"53,74","29,73",5,36,0
2024-05-10 19:23:51,"53,74","29,72",5,37,0
2024-05-10 19:23:56,"53,74","29,67",5,38,0
2024-05-10 19:24:01,"53,7","29,7",5,39,0
2024-05-10 19:24:06,"53,69","29,7",5,40,0
2024-05-10 19:24:11,"53,68","29,69",5,39,0
2024-05-10 19:24:16,"53,65","29,73",5,38,0
2024-05-10 19:24:21,"53,67","29,7",5,39,0
2024-05-10 19:24:27,"53,64","29,68",5,39,0
2024-05-10 19:24:31,"53,63","29,73",5,39,0
2024-05-10 19:24:36,"53,63","29,69",5,39,0
2024-05-10 19:24:41,"53,59","29,72",5,38,0
2024-05-10 19:24:46,"53,6","29,71",5,36,0
2024-05-10 19:24:51,"53,62","29,72",5,37,0
2024-05-10 19:24:56,"53,56","29,72",5,38,0
2024-05-10 19:25:01,"53,6","29,73",5,37,5
2024-05-10 19:25:10,"53,6","29,72",5,36,0
2024-05-10 19:25:13,"53,65","29,7",5,37,0
2024-05-10 19:25:16,"53,63","29,71",5,38,0
2024-05-10 19:25:21,"53,65","29,71",5,38,0
2024-05-10 19:25:26,"53,68","29,72",5,38,0
2024-05-10 19:25:31,"53,64","29,72",5,38,0
2024-05-10 19:25:36,"53,66","29,71",5,36,0
2024-05-10 19:25:41,"53,67","29,7",5,36,0
2024-05-10 19:25:46,"53,65","29,68",5,35,0
2024-05-10 19:25:51,"53,66","29,69",5,36,0
2024-05-10 19:25:56,"53,67","29,69",5,37,0
2024-05-10 19:26:01,"53,71","29,68",5,38,0
2024-05-10 19:26:06,"53,69","29,68",5,39,0
2024-05-10 19:26:11,"53,76","29,69",5,40,0
2024-05-10 19:26:21,"53,72","29,67",5,39,0
2024-05-10 19:26:26,"53,76","29,67",5,39,0
2024-05-10 19:26:31,"53,71","29,68",5,39,0
2024-05-10 19:26:36,"53,72","29,67",5,40,0
2024-05-10 19:26:41,"53,75","29,68",6,42,0
2024-05-10 19:26:46,"53,71","29,68",6,42,0
2024-05-10 19:26:51,"53,75","29,67",6,42,0
2024-05-10 19:26:56,"53,7","29,67",6,43,0
2024-05-10 19:27:01,"53,76","29,67",6,42,0
2024-05-10 19:27:06,"53,75","29,68",6,42,0
2024-05-10 19:27:11,"53,72","29,68",6,42,0
2024-05-10 19:27:16,"53,75","29,69",6,43,0
2024-05-10 19:27:21,"53,71","29,67",5,41,0
2024-05-10 19:27:26,"53,69","29,69",5,39,0
2024-05-10 19:27:31,"53,68","29,67",5,38,0
2024-05-10 19:27:36,"53,69","29,68",5,38,0
2024-05-10 19:27:41,"53,72","29,68",5,37,0
2024-05-10 19:27:46,"53,75","29,68",5,36,0
2024-05-10 19:27:51,"53,76","29,69",5,35,0
2024-05-10 19:28:01,"53,72","29,69",5,37,0
2024-05-10 19:28:09,"53,7","29,7",5,37,0
2024-05-10 19:28:12,"53,69","29,66",5,38,0
2024-05-10 19:28:16,"53,64","29,67",5,38,0
2024-05-10 19:28:21,"53,67","29,65",5,38,0
2024-05-10 19:28:26,"53,68","29,67",5,37,0
2024-05-10 19:28:31,"53,72","29,68",5,37,0
2024-05-10 19:28:36,"53,72","29,68",5,37,0
2024-05-10 19:28:41,"53,73","29,67",5,38,0
2024-05-10 19:28:46,"53,65","29,69",5,37,0
2024-05-10 19:28:51,"53,69","29,69",5,37,0
2024-05-10 19:28:56,"53,74","29,68",5,38,0
2024-05-10 19:29:01,"53,67","29,68",5,40,0
2024-05-10 19:29:06,"53,69","29,67",6,43,0
2024-05-10 19:29:11,"53,71","29,64",6,43,0
2024-05-10 19:29:20,"53,71","29,68",6,42,0
2024-05-10 19:29:23,"53,73","29,68",6,42,0
2024-05-10 19:29:26,"53,7","29,67",6,42,0
2024-05-10 19:29:31,"53,68","29,68",5,41,0
2024-05-10 19:29:36,"53,67","29,67",5,41,0
2024-05-10 19:29:41,"53,71","29,65",5,41,0
2024-05-10 19:29:46,"53,73","29,68",5,40,0
2024-05-10 19:29:51,"53,71","29,68",5,39,0
2024-05-10 19:29:56,"53,69","29,67",5,39,0
2024-05-10 19:30:01,"53,7","29,66",5,38,5
2024-05-10 19:30:06,"53,71","29,66",5,38,0
2024-05-10 19:30:11,"53,68","29,66",5,38,0
2024-05-10 19:30:16,"53,72","29,67",5,38,0
2024-05-10 19:30:21,"53,69","29,66",5,39,0
2024-05-10 19:30:26,"53,7","29,68",5,41,0
2024-05-10 19:30:31,"53,66","29,69",6,42,0
2024-05-10 19:30:36,"53,65","29,7",6,42,0
2024-05-10 19:30:41,"53,63","29,67",6,42,0
2024-05-10 19:30:46,"53,63","29,68",5,41,0
2024-05-10 19:30:51,"53,69","29,62",5,40,0
2024-05-10 19:30:58,"53,72","29,61",5,39,0
2024-05-10 19:31:02,"53,76","29,6",5,39,0
2024-05-10 19:31:06,"53,78","29,59",5,39,0
2024-05-10 19:31:11,"54,44","29,64",5,38,0
2024-05-10 19:31:16,"54,81","29,63",5,36,0
2024-05-10 19:31:21,"54,2","29,59",5,37,0
2024-05-10 19:31:26,"54,03","29,57",5,38,0
2024-05-10 19:31:31,"53,99","29,59",5,40,0
2024-05-10 19:31:36,"53,97","29,55",5,40,0
2024-05-10 19:31:41,"53,95","29,63",5,39,0
2024-05-10 19:31:46,"53,9","29,61",5,39,0
2024-05-10 19:31:51,"53,9","29,6",5,40,0
2024-05-10 19:31:56,"53,85","29,63",5,41,0
2024-05-10 19:32:01,"53,79","29,65",5,40,0
2024-05-10 19:32:06,"53,75","29,64",5,41,0
2024-05-10 19:32:11,"53,73","29,65",6,42,0
2024-05-10 19:32:16,"53,72","29,64",6,42,0
2024-05-10 19:32:21,"53,69","29,68",6,42,0
2024-05-10 19:32:28,"53,65","29,7",6,43,0
2024-05-10 19:32:31,"53,62","29,74",6,44,0
2024-05-10 19:32:36,"53,57","29,7",6,44,0
2024-05-10 19:32:41,"53,54","29,74",6,43,0
2024-05-10 19:32:46,"53,54","29,75",6,42,0
2024-05-10 19:32:51,"53,49","29,76",5,41,0
2024-05-10 19:33:01,"53,46","29,77",5,41,0
2024-05-10 19:33:06,"53,44","29,78",5,41,0
2024-05-10 19:33:11,"53,41","29,79",5,39,0
2024-05-10 19:33:17,"53,39","29,77",5,39,0
2024-05-10 19:33:21,"53,43","29,76",5,39,0
2024-05-10 19:33:27,"53,42","29,78",5,40,0
2024-05-10 19:33:31,"53,41","29,78",5,39,0
2024-05-10 19:33:36,"53,41","29,79",5,39,0
2024-05-10 19:33:41,"53,34","29,78",5,40,0
2024-05-10 19:33:47,"53,36","29,8",5,41,0
2024-05-10 19:33:52,"53,33","29,8",6,44,0
2024-05-10 19:33:56,"53,35","29,77",6,45,0
2024-05-10 19:34:01,"53,34","29,78",6,45,0
2024-05-10 19:34:06,"53,34","29,78",6,43,0
2024-05-10 19:34:11,"53,37","29,76",5,41,0
2024-05-10 19:34:16,"53,39","29,78",5,39,0
2024-05-10 19:34:21,"53,35","29,77",5,38,0
2024-05-10 19:34:26,"53,34","29,77",5,38,0
2024-05-10 19:34:31,"53,37","29,77",5,39,0
2024-05-10 19:34:36,"53,39","29,75",5,40,0
2024-05-10 19:34:41,"53,37","29,74",5,39,0
2024-05-10 19:34:46,"53,43","29,72",5,39,0
2024-05-10 19:34:51,"53,4","29,72",5,41,0
2024-05-10 19:34:56,"53,47","29,73",5,41,0
2024-05-10 19:35:01,"53,46","29,73",5,40,5
2024-05-10 19:35:06,"53,48","29,72",5,39,0
2024-05-10 19:35:11,"53,5","29,72",5,38,0
2024-05-10 19:35:16,"53,5","29,69",5,39,0
2024-05-10 19:35:21,"53,59","29,69",6,42,0
2024-05-10 19:35:26,"53,59","29,71",5,40,0
2024-05-10 19:35:31,"53,53","29,71",5,39,0
2024-05-10 19:35:36,"53,55","29,71",5,39,0
2024-05-10 19:35:41,"53,53","29,73",5,38,0
2024-05-10 19:35:46,"53,51","29,69",5,38,0
2024-05-10 19:35:51,"53,57","29,69",5,37,0
2024-05-10 19:35:56,"53,62","29,69",5,39,0
2024-05-10 19:36:01,"53,61","29,68",5,40,0
2024-05-10 19:36:06,"53,68","29,68",5,39,0
2024-05-10 19:36:11,"53,72","29,67",5,38,0
2024-05-10 19:36:16,"53,66","29,66",5,37,0
2024-05-10 19:36:21,"53,69","29,65",5,39,0
2024-05-10 19:36:26,"53,66","29,69",5,40,0
2024-05-10 19:36:31,"53,63","29,69",5,40,0
2024-05-10 19:36:36,"53,59","29,7",5,40,0
2024-05-10 19:36:42,"53,62","29,68",5,40,0
2024-05-10 19:36:46,"53,63","29,71",5,40,0
2024-05-10 19:36:51,"53,62","29,68",5,38,0
2024-05-10 19:36:56,"53,61","29,68",5,38,0
2024-05-10 19:37:01,"53,62","29,7",5,39,0
2024-05-10 19:37:06,"53,6","29,67",5,39,0
2024-05-10 19:37:11,"53,62","29,72",5,39,0
2024-05-10 19:37:16,"53,62","29,67",5,39,0
2024-05-10 19:37:21,"53,6","29,66",5,39,0
2024-05-10 19:37:26,"53,63","29,67",5,38,0
2024-05-10 19:37:31,"53,69","29,67",5,39,0
2024-05-10 19:37:36,"53,72","29,63",5,40,0
2024-05-10 19:37:41,"53,75","29,63",5,41,0
2024-05-10 19:37:46,"53,67","29,6",6,42,0
2024-05-10 19:37:51,"53,73","29,62",6,43,0
2024-05-10 19:38:02,"53,74","29,59",6,43,0
2024-05-10 19:38:09,"53,82","29,59",6,44,0
2024-05-10 19:38:13,"53,81","29,57",6,42,0
2024-05-10 19:38:16,"53,88","29,57",5,40,0
2024-05-10 19:38:21,"53,9","29,56",5,39,0
2024-05-10 19:38:26,"53,91","29,57",5,39,0
2024-05-10 19:38:31,"53,95","29,61",5,38,0
2024-05-10 19:38:36,"53,95","29,59",5,41,0
2024-05-10 19:38:43,"53,95","29,61",6,43,0
2024-05-10 19:38:46,"53,89","29,65",6,43,0
2024-05-10 19:38:51,"53,83","29,62",6,43,0
2024-05-10 19:38:56,"53,82","29,67",6,42,0
2024-05-10 19:39:01,"53,79","29,67",6,43,0
2024-05-10 19:39:06,"53,79","29,63",6,42,0
2024-05-10 19:39:11,"53,77","29,63",6,42,0
2024-05-10 19:39:16,"53,84","29,64",6,43,0
2024-05-10 19:39:21,"53,83","29,63",6,43,0
2024-05-10 19:39:26,"53,85","29,63",5,41,0
2024-05-10 19:39:34,"53,83","29,63",5,40,0
2024-05-10 19:39:37,"53,85","29,63",5,41,0
2024-05-10 19:39:42,"53,78","29,62",6,42,0
2024-05-10 19:39:46,"53,74","29,62",5,41,0
2024-05-10 19:39:51,"53,74","29,68",6,42,0
2024-05-10 19:39:56,"53,74","29,66",6,42,0
2024-05-10 19:40:01,"53,73","29,65",6,42,6
2024-05-10 19:40:06,"53,69","29,67",6,43,0
2024-05-10 19:40:11,"53,72","29,64",6,43,0
2024-05-10 19:40:16,"53,7","29,64",5,41,0
2024-05-10 19:40:21,"53,73","29,65",5,40,0
2024-05-10 19:40:26,"53,7","29,63",5,40,0
2024-05-10 19:40:31,"53,72","29,66",5,40,0
2024-05-10 19:40:36,"53,73","29,66",5,40,0
2024-05-10 19:40:41,"53,72","29,63",5,40,0
2024-05-10 19:40:46,"53,76","29,63",5,40,0
2024-05-10 19:40:51,"53,78","29,61",5,40,0
2024-05-10 19:40:56,"53,8","29,61",5,40,0
2024-05-10 19:41:02,"53,82","29,63",5,40,0
2024-05-10 19:41:06,"53,88","29,6",5,41,0
2024-05-10 19:41:11,"53,84","29,59",5,41,0
2024-05-10 19:41:16,"53,85","29,6",5,40,0
2024-05-10 19:41:21,"53,85","29,63",5,39,0
2024-05-10 19:41:26,"53,87","29,61",5,40,0
2024-05-10 19:41:31,"53,83","29,62",6,43,0
2024-05-10 19:41:36,"53,81","29,6",6,48,0
2024-05-10 19:41:41,"53,87","29,6",6,49,0
2024-05-10 19:41:46,"54,07","29,55",6,48,0
2024-05-10 19:41:53,"54,14","29,58",6,47,0
2024-05-10 19:41:56,"54,19","29,57",6,46,0
2024-05-10 19:42:01,"54,09","29,56",6,47,0
2024-05-10 19:42:06,"53,99","29,54",6,47,0
2024-05-10 19:42:11,"53,93","29,55",6,47,0
2024-05-10 19:42:20,"53,99","29,55",6,48,0
2024-05-10 19:42:24,"54,03","29,52",7,49,0
2024-05-10 19:42:27,"54,08","29,49",7,49,0
2024-05-10 19:42:31,"54,11","29,46",6,48,0
2024-05-10 19:42:36,"54,15","29,43",6,46,0
2024-05-10 19:42:41,"54,28","29,41",6,46,0
2024-05-10 19:42:46,"54,31","29,42",6,46,0
2024-05-10 19:42:51,"54,34","29,43",6,45,0
2024-05-10 19:43:01,"54,31","29,43",6,46,0
2024-05-10 19:43:06,"54,33","29,43",6,45,0
2024-05-10 19:43:11,"54,27","29,47",6,47,0
2024-05-10 19:43:16,"54,23","29,45",6,48,0
2024-05-10 19:43:21,"54,22","29,46",7,50,0
2024-05-10 19:43:26,"54,18","29,45",7,51,0
2024-05-10 19:43:31,"54,17","29,44",7,52,0
2024-05-10 19:43:36,"54,13","29,45",7,51,0
2024-05-10 19:43:41,"54,16","29,45",7,50,0
2024-05-10 19:43:46,"54,2","29,43",7,49,0
2024-05-10 19:43:51,"54,21","29,43",6,48,0
2024-05-10 19:43:56,"54,24","29,41",6,47,0
2024-05-10 19:44:01,"54,25","29,42",6,43,0
2024-05-10 19:44:06,"54,22","29,44",6,43,0
2024-05-10 19:44:11,"54,27","29,43",6,44,0
2024-05-10 19:44:16,"54,28","29,43",6,46,0
2024-05-10 19:44:21,"54,27","29,43",6,47,0
2024-05-10 19:44:26,"54,27","29,41",6,47,0
2024-05-10 19:44:31,"54,24","29,43",6,47,0
2024-05-10 19:44:36,"54,4","29,42",6,47,0
2024-05-10 19:44:41,"54,37","29,4",6,47,0
2024-05-10 19:44:46,"54,43","29,39",6,45,0
2024-05-10 19:44:51,"54,36","29,43",6,44,0
2024-05-10 19:44:56,"54,3","29,44",6,45,0
2024-05-10 19:45:02,"54,31","29,48",6,45,6
2024-05-10 19:45:10,"54,25","29,46",6,47,0
2024-05-10 19:45:12,"54,25","29,45",7,50,0
2024-05-10 19:45:16,"54,27","29,44",7,51,0
2024-05-10 19:45:21,"54,24","29,46",7,51,0
2024-05-10 19:45:26,"54,26","29,43",7,50,0
2024-05-10 19:45:31,"54,26","29,44",7,50,0
2024-05-10 19:45:36,"54,26","29,47",7,49,0
2024-05-10 19:45:41,"54,27","29,48",7,50,0
2024-05-10 19:45:46,"54,24","29,47",7,50,0
2024-05-10 19:45:51,"54,21","29,46",7,51,0
2024-05-10 19:45:57,"54,24","29,45",7,52,0
2024-05-10 19:46:04,"54,24","29,43",7,53,0
2024-05-10 19:46:07,"54,26","29,45",7,52,0
2024-05-10 19:46:11,"54,27","29,42",7,49,0
2024-05-10 19:46:16,"54,29","29,43",6,48,0
2024-05-10 19:46:21,"54,3","29,42",6,48,0
2024-05-10 19:46:26,"54,32","29,41",6,48,0
2024-05-10 19:46:31,"54,43","29,39",7,52,0
2024-05-10 19:46:36,"54,57","29,39",8,60,0
2024-05-10 19:46:41,"54,55","29,43",8,63,0
2024-05-10 19:46:46,"54,55","29,41",9,64,0
2024-05-10 19:46:51,"54,52","29,43",9,65,0
2024-05-10 19:46:56,"54,5","29,42",9,68,0
2024-05-10 19:47:01,"54,47","29,48",10,73,0
2024-05-10 19:47:06,"54,38","29,46",10,75,0
2024-05-10 19:47:11,"54,36","29,49",10,74,0
2024-05-10 19:47:16,"54,31","29,5",10,73,0
2024-05-10 19:47:21,"54,3","29,49",9,71,0
2024-05-10 19:47:27,"54,27","29,51",9,69,0
2024-05-10 19:47:31,"54,23","29,52",9,69,0
2024-05-10 19:47:36,"54,18","29,5",9,69,0
2024-05-10 19:47:41,"54,15","29,5",9,68,0
2024-05-10 19:47:46,"54,15","29,48",9,65,0
2024-05-10 19:47:51,"54,17","29,51",8,62,0
2024-05-10 19:48:07,"54,13","29,52",8,59,0
2024-05-10 19:48:12,"54,16","29,49",8,57,0
2024-05-10 19:48:14,"54,14","29,5",8,57,0
2024-05-10 19:48:18,"54,16","29,5",8,57,0
2024-05-10 19:48:21,"54,16","29,5",8,57,0
2024-05-10 19:48:26,"54,19","29,54",8,57,0
2024-05-10 19:48:31,"54,15","29,57",8,57,0
2024-05-10 19:48:36,"54,13","29,57",7,56,0
2024-05-10 19:48:41,"54,11","29,57",8,58,0
2024-05-10 19:48:46,"54,08","29,56",8,60,0
2024-05-10 19:48:51,"54,09","29,58",8,59,0
2024-05-10 19:48:56,"54,05","29,58",8,58,0
2024-05-10 19:49:01,"54,06","29,57",7,56,0
2024-05-10 19:49:06,"54,16","29,56",8,58,0
2024-05-10 19:49:11,"54,33","29,52",8,62,0
2024-05-10 19:49:16,"54,86","29,54",10,74,0
2024-05-10 19:49:21,"55,18","29,54",29,220,0
2024-05-10 19:49:26,"55,03","29,55",28,208,0
2024-05-10 19:49:31,"54,74","29,48",25,188,0
2024-05-10 19:49:36,"54,65","29,44",21,155,0
2024-05-10 19:49:41,"54,66","29,47",18,137,0
2024-05-10 19:49:46,"54,93","29,46",17,129,0
2024-05-10 19:49:51,"54,89","29,42",17,126,0
2024-05-10 19:49:56,"54,9","29,4",17,127,0
2024-05-10 19:50:01,"54,77","29,44",17,126,17
2024-05-10 19:50:06,"54,63","29,43",16,120,0
2024-05-10 19:50:11,"54,86","29,4",15,114,0
2024-05-10 19:50:16,"54,85","29,42",15,110,0
2024-05-10 19:50:21,"54,82","29,42",14,109,0
2024-05-10 19:50:26,"54,7","29,44",14,107,0
2024-05-10 19:50:31,"54,68","29,42",14,103,0
2024-05-10 19:50:36,"54,77","29,41",13,100,0
2024-05-10 19:50:41,"54,73","29,42",13,100,0
2024-05-10 19:50:46,"54,73","29,43",14,104,0
2024-05-10 19:50:53,"54,76","29,43",14,106,0
2024-05-10 19:50:56,"54,81","29,44",15,109,0
2024-05-10 19:51:01,"54,86","29,41",15,111,0
2024-05-10 19:51:06,"54,88","29,41",15,112,0
2024-05-10 19:51:11,"54,96","29,41",15,112,0
2024-05-10 19:51:16,"55,06","29,43",15,113,0
2024-05-10 19:51:21,"55,19","29,42",16,124,0
2024-05-10 19:51:27,"55,09","29,43",18,135,0
2024-05-10 19:51:31,"55,06","29,42",19,140,0
2024-05-10 19:51:36,"55,11","29,44",19,142,0
2024-05-10 19:51:41,"55,17","29,45",20,148,0
2024-05-10 19:51:46,"55,19","29,45",20,153,0
2024-05-10 19:51:51,"55,18","29,44",21,154,0
2024-05-10 19:51:56,"55,17","29,43",20,154,0
2024-05-10 19:52:01,"55,23","29,41",20,150,0
2024-05-10 19:52:06,"55,3","29,41",19,146,0
2024-05-10 19:52:11,"55,41","29,45",20,148,0
2024-05-10 19:52:16,"55,51","29,43",21,161,0
2024-05-10 19:52:21,"55,37","29,44",24,178,0
2024-05-10 19:52:26,"55,28","29,44",25,192,0
2024-05-10 19:52:31,"55,15","29,49",26,196,0
2024-05-10 19:52:36,55,"29,49",24,178,0
2024-05-10 19:52:41,"54,96","29,47",22,162,0
2024-05-10 19:52:46,"54,91","29,46",20,153,0
2024-05-10 19:52:51,"54,87","29,49",19,144,0
2024-05-10 19:53:01,"54,86","29,46",18,136,0
2024-05-10 19:53:06,"54,92","29,46",18,134,0
2024-05-10 19:53:11,"54,95","29,5",18,133,0
2024-05-10 19:53:16,"54,81","29,46",17,132,0
2024-05-10 19:53:21,"54,82","29,48",17,130,0
2024-05-10 19:53:26,"54,9","29,49",17,128,0
2024-05-10 19:53:31,"54,95","29,47",17,125,0
2024-05-10 19:53:36,"54,93","29,52",17,126,0
2024-05-10 19:53:42,"54,97","29,51",19,144,0
2024-05-10 19:53:46,"54,91","29,49",20,154,0
2024-05-10 19:53:51,"54,94","29,5",20,153,0
2024-05-10 19:53:56,"54,93","29,5",20,149,0
2024-05-10 19:54:01,"54,87","29,49",19,145,0
2024-05-10 19:54:06,"54,83","29,48",19,146,0
2024-05-10 19:54:10,"54,83","29,46",19,144,0
2024-05-10 19:54:16,"54,89","29,48",18,137,0
2024-05-10 19:54:20,"54,99","29,49",18,134,0
2024-05-10 19:54:26,"54,98","29,49",18,133,0
2024-05-10 19:54:31,"54,94","29,47",17,130,0
2024-05-10 19:54:36,"54,9","29,46",17,127,0
2024-05-10 19:54:40,"54,96","29,47",16,123,0
2024-05-10 19:54:46,"55,01","29,45",18,138,0
2024-05-10 19:54:50,"55,09","29,45",24,184,0
2024-05-10 19:54:56,"55,1","29,49",25,188,0
2024-05-10 19:55:01,"55,09","29,47",25,189,25
2024-05-10 19:55:05,"55,18","29,45",26,195,0
2024-05-10 19:55:10,"55,56","29,46",34,258,0
2024-05-10 19:55:16,"55,66","29,47",43,321,0
2024-05-10 19:55:20,"55,26","29,47",42,316,0
2024-05-10 19:55:25,"55,24","29,46",40,298,0
2024-05-10 19:55:31,"55,27","29,45",38,288,0
2024-05-10 19:55:35,"55,32","29,46",37,280,0
2024-05-10 19:55:40,"55,34","29,46",36,272,0
2024-05-10 19:55:46,"55,31","29,46",35,266,0
2024-05-10 19:55:50,"55,3","29,45",35,261,0
2024-05-10 19:55:55,"55,26","29,45",34,257,0
2024-05-10 19:56:01,"55,32","29,45",34,253,0
2024-05-10 19:56:05,"55,33","29,46",34,253,0
2024-05-10 19:56:10,"55,34","29,46",33,249,0
2024-05-10 19:56:16,"55,35","29,44",34,250,0
2024-05-10 19:56:20,"55,46","29,44",33,244,0
2024-05-10 19:56:31,"55,55","29,43",32,237,0
2024-05-10 19:56:33,"55,52","29,45",32,240,0
2024-05-10 19:56:37,"55,52","29,46",33,247,0
2024-05-10 19:56:41,"55,41","29,44",34,256,0
2024-05-10 19:56:45,"55,36","29,46",35,259,0
2024-05-10 19:56:50,"55,31","29,46",35,258,0
2024-05-10 19:56:56,"55,26","29,45",35,262,0
2024-05-10 19:57:01,"55,34","29,48",35,265,0
2024-05-10 19:57:05,"55,34","29,5",35,266,0
2024-05-10 19:57:10,"55,3","29,49",36,268,0
2024-05-10 19:57:16,"55,3","29,5",36,273,0
2024-05-10 19:57:20,"55,28","29,51",37,278,0
2024-05-10 19:57:26,"55,22","29,51",37,280,0
2024-05-10 19:57:34,"55,17","29,49",37,278,0
2024-05-10 19:57:37,"55,32","29,45",37,279,0
2024-05-10 19:57:40,"55,36","29,44",37,281,0
2024-05-10 19:57:45,"55,34","29,42",37,280,0
2024-05-10 19:57:50,"55,64","29,41",38,284,0
2024-05-10 19:57:55,"55,97","29,4",43,320,0
2024-05-10 19:58:00,"55,82","29,37",45,341,0
2024-05-10 19:58:05,"56,01","29,39",46,345,0
2024-05-10 19:58:10,"56,03","29,4",50,375,0
2024-05-10 19:58:15,"55,78","29,43",51,382,0
2024-05-10 19:58:20,"55,65","29,39",51,382,0
2024-05-10 19:58:25,"55,57","29,4",50,373,0
2024-05-10 19:58:31,"55,63","29,38",47,352,0
2024-05-10 19:58:35,"55,65","29,4",45,335,0
2024-05-10 19:58:40,"55,63","29,41",44,330,0
2024-05-10 19:58:45,"55,58","29,39",44,327,0
2024-05-10 19:58:50,"55,54","29,42",43,320,0
2024-05-10 19:58:55,"55,52","29,4",42,311,0
2024-05-10 19:59:00,"55,55","29,4",41,305,0
2024-05-10 19:59:05,"55,55","29,39",41,303,0
2024-05-10 19:59:10,"55,55","29,39",41,303,0
2024-05-10 19:59:18,"55,63","29,38",41,306,0
2024-05-10 19:59:21,"55,66","29,39",42,313,0
2024-05-10 19:59:27,"55,72","29,39",45,336,0
2024-05-10 19:59:30,"55,85","29,41",50,368,0
2024-05-10 19:59:35,"55,89","29,42",52,386,0
2024-05-10 19:59:40,"55,85","29,42",56,413,0
2024-05-10 19:59:45,"55,85","29,44",58,433,0
2024-05-10 19:59:50,"55,85","29,43",59,436,0
2024-05-10 19:59:55,"55,83","29,41",58,434,0
2024-05-10 20:00:00,"55,87","29,43",58,432,58
2024-05-10 20:00:05,"55,89","29,43",59,437,0
2024-05-10 20:00:11,"55,84","29,42",58,434,0
2024-05-10 20:00:16,"55,89","29,43",58,433,0
2024-05-10 20:00:22,"55,86","29,43",58,434,0
2024-05-10 20:00:29,"55,88","29,46",59,441,0
2024-05-10 20:00:36,"55,83","29,45",59,439,0
2024-05-10 20:00:46,"55,76","29,47",58,433,0
2024-05-10 20:00:48,"55,72","29,48",58,429,0
2024-05-10 20:00:52,"55,62","29,49",56,418,0
2024-05-10 20:00:55,"55,54","29,46",53,396,0
2024-05-10 20:00:59,"55,56","29,47",51,378,0
2024-05-10 20:01:05,"55,55","29,45",49,365,0
2024-05-10 20:01:09,"55,46","29,44",48,354,0
2024-05-10 20:01:12,"55,52","29,45",46,342,0
2024-05-10 20:01:17,"55,75","29,44",47,353,0
2024-05-10 20:01:21,"55,87","29,45",51,383,0
2024-05-10 20:01:26,"56,05","29,48",56,419,0
2024-05-10 20:01:31,"55,68","29,46",57,430,0
2024-05-10 20:01:35,"55,56","29,44",57,427,0
2024-05-10 20:01:40,"55,51","29,46",55,413,0
2024-05-10 20:01:45,"55,5","29,46",53,397,0
2024-05-10 20:01:50,"55,58","29,44",51,382,0
2024-05-10 20:01:56,"55,68","29,47",51,377,0
2024-05-10 20:02:01,"55,62","29,47",50,373,0
2024-05-10 20:02:08,"55,56","29,47",50,369,0
2024-05-10 20:02:12,"55,55","29,46",50,373,0
2024-05-10 20:02:16,"55,59","29,46",51,380,0
2024-05-10 20:02:21,"55,59","29,46",51,381,0
2024-05-10 20:02:25,"55,67","29,48",52,384,0
2024-05-10 20:02:31,"55,64","29,46",53,390,0
2024-05-10 20:02:35,"55,63","29,48",54,401,0
2024-05-10 20:02:41,"55,53","29,46",56,417,0
2024-05-10 20:02:46,"55,5","29,47",57,420,0
2024-05-10 20:02:52,"55,48","29,48",56,417,0
2024-05-10 20:02:56,"55,53","29,46",56,415,0
2024-05-10 20:03:00,"55,39","29,47",54,398,0
2024-05-10 20:03:06,"55,38","29,49",52,388,0
2024-05-10 20:03:10,"55,32","29,48",51,381,0
2024-05-10 20:03:16,"55,34","29,46",51,376,0
2024-05-10 20:03:21,"55,3","29,47",49,368,0
2024-05-10 20:03:25,"55,33","29,42",49,362,0
2024-05-10 20:03:31,"55,35","29,42",49,361,0
2024-05-10 20:03:35,"55,3","29,42",48,357,0
2024-05-10 20:03:40,"55,34","29,4",47,351,0
2024-05-10 20:03:45,"55,37","29,4",47,348,0
2024-05-10 20:03:50,"55,35","29,4",45,337,0
2024-05-10 20:03:55,"55,33","29,44",44,329,0
2024-05-10 20:04:00,"55,26","29,43",44,325,0
2024-05-10 20:04:06,"55,17","29,47",44,325,0
2024-05-10 20:04:10,"55,17","29,43",44,330,0
2024-05-10 20:04:15,"55,15","29,45",44,328,0
2024-05-10 20:04:20,"55,15","29,43",44,324,0
2024-05-10 20:04:25,"55,14","29,44",43,316,0
2024-05-10 20:04:31,"55,25","29,43",50,372,0
2024-05-10 20:04:36,"55,29","29,43",48,351,0
2024-05-10 20:04:40,"55,33","29,44",47,345,0
2024-05-10 20:04:46,"55,21","29,42",45,333,0
2024-05-10 20:04:50,"55,14","29,44",43,320,0
2024-05-10 20:04:57,"55,18","29,43",42,307,0
2024-05-10 20:05:00,"55,25","29,45",42,305,42
2024-05-10 20:05:05,"55,25","29,43",42,307,0
2024-05-10 20:05:10,"55,14","29,43",42,307,0
2024-05-10 20:05:15,"55,11","29,43",41,300,0
2024-05-10 20:05:20,"55,11","29,43",41,301,0
2024-05-10 20:05:25,"55,07","29,45",40,295,0
2024-05-10 20:05:31,"55,09","29,38",39,284,0
2024-05-10 20:05:35,"55,14","29,4",38,279,0
2024-05-10 20:05:41,"55,25","29,4",38,280,0
2024-05-10 20:05:45,"55,26","29,4",39,289,0
2024-05-10 20:05:50,"55,29","29,37",41,300,0
2024-05-10 20:05:55,"55,31","29,37",41,300,0
2024-05-10 20:06:00,"55,32","29,41",41,302,0
2024-05-10 20:06:05,"55,34","29,38",41,306,0
2024-05-10 20:06:10,"55,31","29,39",41,307,0
2024-05-10 20:06:15,"55,34","29,37",42,315,0
2024-05-10 20:06:20,"55,31","29,38",43,322,0
2024-05-10 20:06:26,"55,32","29,39",44,328,0
2024-05-10 20:06:31,"55,3","29,39",45,333,0
2024-05-10 20:06:36,"55,26","29,4",45,333,0
2024-05-10 20:06:40,"55,26","29,38",45,331,0
2024-05-10 20:06:46,"55,26","29,38",44,322,0
2024-05-10 20:06:51,"55,31","29,39",43,320,0
2024-05-10 20:06:58,"55,4","29,4",46,339,0
2024-05-10 20:07:02,"55,39","29,38",49,360,0
2024-05-10 20:07:05,"55,41","29,37",50,372,0
2024-05-10 20:07:12,"55,47","29,37",53,393,0
2024-05-10 20:07:16,"55,44","29,38",56,412,0
2024-05-10 20:07:20,"55,49","29,37",62,457,0
2024-05-10 20:07:25,"55,44","29,41",64,472,0
2024-05-10 20:07:31,"55,34","29,42",64,469,0
2024-05-10 20:07:35,"55,38","29,42",64,465,0
2024-05-10 20:07:45,"55,39","29,42",64,471,0
2024-05-10 20:07:49,"55,32","29,42",65,472,0
2024-05-10 20:07:52,"55,34","29,43",65,478,0
2024-05-10 20:07:55,"55,36","29,42",66,483,0
2024-05-10 20:08:00,"55,3","29,42",66,489,0
2024-05-10 20:08:05,"55,27","29,41",67,497,0
2024-05-10 20:08:10,"55,31","29,43",68,502,0
2024-05-10 20:08:15,"55,28","29,45",69,509,0
2024-05-10 20:08:20,"55,24","29,44",67,495,0
2024-05-10 20:08:25,"55,24","29,45",64,473,0
2024-05-10 20:08:30,"55,24","29,42",60,445,0
2024-05-10 20:08:35,"55,29","29,4",57,424,0
2024-05-10 20:08:41,"55,28","29,41",56,417,0
2024-05-10 20:08:45,"55,34","29,41",57,423,0
2024-05-10 20:08:50,"55,3","29,42",58,430,0
2024-05-10 20:08:55,"55,36","29,4",59,438,0
2024-05-10 20:09:01,"55,4","29,41",64,476,0
2024-05-10 20:09:06,"55,4","29,38",69,507,0
2024-05-10 20:09:11,"55,47","29,41",70,519,0
2024-05-10 20:09:15,"55,49","29,4",77,569,0
2024-05-10 20:09:21,"55,51","29,39",83,605,0
2024-05-10 20:09:27,"55,5","29,39",85,619,0
2024-05-10 20:09:30,"55,56","29,42",86,623,0
2024-05-10 20:09:35,"55,46","29,43",87,629,0
2024-05-10 20:09:40,"55,47","29,44",88,637,0
2024-05-10 20:09:45,"55,4","29,43",90,648,0
2024-05-10 20:09:51,"55,38","29,44",90,654,0
2024-05-10 20:09:56,"55,43","29,46",91,658,0
2024-05-10 20:10:00,"55,39","29,44",91,658,91
2024-05-10 20:10:07,"55,43","29,46",92,661,0
2024-05-10 20:10:10,"55,4","29,44",91,657,0
2024-05-10 20:10:15,"55,36","29,47",90,651,0
2024-05-10 20:10:20,"55,39","29,43",87,631,0
2024-05-10 20:10:25,"55,42","29,45",92,662,0
2024-05-10 20:10:33,"55,46","29,44",101,723,0
2024-05-10 20:10:36,"55,42","29,47",105,752,0
2024-05-10 20:10:40,"55,42","29,43",103,741,0
2024-05-10 20:10:45,"55,47","29,43",102,733,0
2024-05-10 20:10:50,"55,56","29,44",102,736,0
2024-05-10 20:10:55,"55,63","29,41",105,756,0
2024-05-10 20:11:00,"55,67","29,41",107,767,0
2024-05-10 20:11:05,"55,69","29,43",108,775,0
2024-05-10 20:11:10,"55,65","29,44",110,792,0
2024-05-10 20:11:16,"55,6","29,43",112,802,0
2024-05-10 20:11:21,"55,55","29,41",110,793,0
2024-05-10 20:11:25,"55,59","29,4",108,779,0
2024-05-10 20:11:30,"55,6","29,4",107,768,0
2024-05-10 20:11:36,"55,58","29,41",104,752,0
2024-05-10 20:11:40,"55,6","29,39",103,744,0
2024-05-10 20:11:45,"55,7","29,38",104,745,0
2024-05-10 20:11:51,"55,72","29,38",104,751,0
2024-05-10 20:11:56,"55,75","29,38",107,767,0
2024-05-10 20:12:00,"55,77","29,37",108,778,0
2024-05-10 20:12:05,"55,74","29,38",108,778,0
2024-05-10 20:12:10,"55,77","29,35",108,776,0
2024-05-10 20:12:15,"55,79","29,34",108,777,0
2024-05-10 20:12:20,"55,79","29,37",109,779,0
2024-05-10 20:12:26,"55,75","29,34",110,787,0
2024-05-10 20:12:30,"55,75","29,35",111,789,0
2024-05-10 20:12:35,"55,74","29,35",111,786,0
2024-05-10 20:12:41,"55,79","29,34",110,787,0
2024-05-10 20:12:45,"55,8","29,31",110,788,0
2024-05-10 20:12:51,"55,8","29,34",110,786,0
2024-05-10 20:12:55,"55,81","29,32",110,785,0
2024-05-10 20:13:01,"55,88","29,3",111,798,0
2024-05-10 20:13:05,"55,82","29,29",111,800,0
2024-05-10 20:13:13,"55,81","29,31",109,789,0
2024-05-10 20:13:17,"55,82","29,31",107,773,0
2024-05-10 20:13:24,"55,9","29,31",108,777,0
2024-05-10 20:13:29,"55,88","29,31",110,790,0
2024-05-10 20:13:32,"55,89","29,29",112,799,0
2024-05-10 20:13:35,"55,91","29,33",113,803,0
2024-05-10 20:13:40,"55,86","29,32",113,802,0
2024-05-10 20:13:46,"55,85","29,32",112,793,0
2024-05-10 20:13:51,"55,83","29,32",112,796,0
2024-05-10 20:13:55,"55,82","29,31",113,808,0
2024-05-10 20:14:00,"55,86","29,32",112,805,0
2024-05-10 20:14:05,"55,86","29,34",110,790,0
2024-05-10 20:14:10,"55,85","29,31",109,785,0
2024-05-10 20:14:15,"55,86","29,31",108,777,0
2024-05-10 20:14:20,"55,81","29,3",109,785,0
2024-05-10 20:14:25,"55,78","29,34",109,789,0
2024-05-10 20:14:30,"55,77","29,36",111,797,0
2024-05-10 20:14:35,"55,78","29,34",111,798,0
2024-05-10 20:14:40,"55,78","29,33",111,804,0
2024-05-10 20:14:46,"55,77","29,34",112,804,0
2024-05-10 20:14:50,"55,78","29,34",111,799,0
2024-05-10 20:14:55,"55,74","29,36",111,798,0
2024-05-10 20:15:00,"55,77","29,38",112,801,112
2024-05-10 20:15:05,"55,71","29,38",111,802,0
2024-05-10 20:15:11,"55,67","29,38",110,794,0
2024-05-10 20:15:15,"55,73","29,39",110,793,0
2024-05-10 20:15:20,"55,69","29,39",109,786,0
2024-05-10 20:15:25,"55,66","29,41",108,778,0
2024-05-10 20:15:30,"55,63","29,39",108,774,0
2024-05-10 20:15:35,"55,6","29,41",107,769,0
2024-05-10 20:15:40,"55,61","29,41",107,767,0
2024-05-10 20:15:45,"55,61","29,41",107,765,0
2024-05-10 20:15:50,"55,59","29,41",107,764,0
2024-05-10 20:15:55,"55,57","29,4",107,758,0
2024-05-10 20:16:00,"55,56","29,39",105,750,0
2024-05-10 20:16:05,"55,52","29,41",105,747,0
2024-05-10 20:16:13,"55,56","29,4",105,747,0
2024-05-10 20:16:16,"55,57","29,38",106,749,0
2024-05-10 20:16:23,"55,57","29,38",106,752,0
2024-05-10 20:16:27,"55,59","29,37",106,756,0
2024-05-10 20:16:30,"55,57","29,37",105,757,0
2024-05-10 20:16:35,"55,58","29,38",104,749,0
2024-05-10 20:16:40,"55,59","29,35",103,743,0
2024-05-10 20:16:46,"55,61","29,37",104,747,0
2024-05-10 20:16:50,"55,58","29,34",104,748,0
2024-05-10 20:16:55,"55,57","29,35",104,748,0
2024-05-10 20:17:00,"55,59","29,37",104,745,0
2024-05-10 20:17:05,"55,59","29,34",102,736,0
2024-05-10 20:17:10,"55,64","29,34",102,733,0
2024-05-10 20:17:17,"55,58","29,34",101,729,0
2024-05-10 20:17:21,"55,67","29,35",101,727,0
2024-05-10 20:17:25,"55,64","29,37",100,722,0
2024-05-10 20:17:31,"55,63","29,33",101,723,0
2024-05-10 20:17:35,"55,63","29,38",102,726,0
2024-05-10 20:17:40,"55,61","29,35",102,726,0
2024-05-10 20:17:45,"55,61","29,35",100,716,0
2024-05-10 20:17:50,"55,64","29,34",101,717,0
2024-05-10 20:17:55,"55,66","29,33",101,710,0
2024-05-10 20:18:00,"55,67","29,33",99,698,0
2024-05-10 20:18:06,"55,68","29,31",99,693,0
2024-05-10 20:18:10,"55,66","29,3",98,689,0
2024-05-10 20:18:15,"55,71","29,31",98,692,0
2024-05-10 20:18:21,"55,73","29,29",98,691,0
2024-05-10 20:18:25,"55,71","29,31",97,690,0
2024-05-10 20:18:30,"55,76","29,3",96,685,0
2024-05-10 20:18:35,"55,71","29,32",94,674,0
2024-05-10 20:18:40,"55,76","29,31",94,677,0
2024-05-10 20:18:45,"55,77","29,31",94,680,0
2024-05-10 20:18:50,"55,77","29,28",95,684,0
2024-05-10 20:18:55,"55,78","29,3",97,697,0
2024-05-10 20:19:02,"55,82","29,3",98,701,0
2024-05-10 20:19:07,"55,79","29,32",98,703,0
2024-05-10 20:19:11,"55,81","29,3",98,706,0
2024-05-10 20:19:16,"55,8","29,3",99,711,0
2024-05-10 20:19:20,"55,76","29,31",99,717,0
2024-05-10 20:19:26,"55,74","29,29",98,714,0
2024-05-10 20:19:30,"55,78","29,32",98,712,0
2024-05-10 20:19:35,"55,77","29,31",98,707,0
2024-05-10 20:19:40,"55,79","29,31",97,700,0
2024-05-10 20:19:45,"55,8","29,31",97,699,0
2024-05-10 20:19:50,"55,78","29,31",98,702,0
2024-05-10 20:19:55,"55,73","29,3",94,680,0
2024-05-10 20:20:00,"55,69","29,29",93,666,93
2024-05-10 20:20:05,"55,71","29,29",92,664,0
2024-05-10 20:20:10,"55,74","29,31",93,666,0
2024-05-10 20:20:15,"55,72","29,33",93,668,0
2024-05-10 20:20:20,"55,73","29,32",92,659,0
2024-05-10 20:20:25,"55,73","29,33",90,644,0
2024-05-10 20:20:30,"55,68","29,33",89,637,0
2024-05-10 20:20:35,"55,72","29,33",89,639,0
2024-05-10 20:20:40,"55,71","29,31",89,641,0
2024-05-10 20:20:45,"55,66","29,34",90,643,0
2024-05-10 20:20:50,"55,68","29,32",90,642,0
2024-05-10 20:20:55,"55,66","29,33",90,646,0
2024-05-10 20:21:00,"55,66","29,32",91,650,0
2024-05-10 20:21:05,"55,66","29,31",91,647,0
2024-05-10 20:21:10,"55,66","29,32",91,646,0
2024-05-10 20:21:15,"55,64","29,3",90,639,0
2024-05-10 20:21:20,"55,65","29,31",87,625,0
2024-05-10 20:21:25,"55,63","29,31",86,616,0
2024-05-10 20:21:30,"55,59","29,34",82,587,0
2024-05-10 20:21:35,"55,56","29,32",80,574,0
2024-05-10 20:21:40,"55,59","29,3",80,577,0
2024-05-10 20:21:45,"55,61","29,32",82,589,0
2024-05-10 20:21:54,"55,62","29,33",83,599,0
2024-05-10 20:21:57,"55,64","29,36",85,610,0
2024-05-10 20:22:00,"55,57","29,34",85,610,0
2024-05-10 20:22:05,"55,6","29,34",84,605,0
2024-05-10 20:22:10,"55,59","29,34",84,604,0
2024-05-10 20:22:15,"55,54","29,35",85,609,0
2024-05-10 20:22:20,"55,55","29,34",84,605,0
2024-05-10 20:22:25,"55,54","29,32",83,600,0
2024-05-10 20:22:30,"55,52","29,34",82,592,0
2024-05-10 20:22:37,"55,51","29,34",81,581,0
2024-05-10 20:22:40,"55,54","29,32",80,579,0
2024-05-10 20:22:45,"55,53","29,33",81,580,0
2024-05-10 20:22:51,"55,56","29,33",81,582,0
2024-05-10 20:22:55,"55,54","29,33",80,581,0
2024-05-10 20:23:00,"55,53","29,35",80,582,0
2024-05-10 20:23:05,"55,5","29,34",81,583,0
2024-05-10 20:23:10,"55,55","29,36",80,580,0
2024-05-10 20:23:15,"55,52","29,34",80,581,0
2024-05-10 20:23:20,"55,53","29,37",80,579,0
2024-05-10 20:23:25,"55,47","29,36",80,572,0
2024-05-10 20:23:30,"55,48","29,36",79,563,0
2024-05-10 20:23:35,"55,48","29,36",78,557,0
2024-05-10 20:23:42,"55,52","29,31",79,563,0
2024-05-10 20:23:46,"55,6","29,29",79,566,0
2024-05-10 20:23:52,"55,63","29,28",79,566,0
2024-05-10 20:23:59,"55,76","29,19",79,565,0
2024-05-10 20:24:04,"55,85","29,21",77,558,0
2024-05-10 20:24:07,"55,87","29,19",76,549,0
2024-05-10 20:24:11,"55,84","29,2",74,536,0
2024-05-10 20:24:15,"55,84","29,23",73,527,0
2024-05-10 20:24:20,"55,82","29,21",72,517,0
2024-05-10 20:24:25,"55,81","29,21",70,506,0
2024-05-10 20:24:30,"55,79","29,25",70,502,0
2024-05-10 20:24:35,"55,78","29,24",70,504,0
2024-05-10 20:24:42,"55,73","29,27",70,503,0
2024-05-10 20:24:47,"55,69","29,27",69,498,0
2024-05-10 20:24:50,"55,67","29,27",67,490,0
2024-05-10 20:24:55,"55,59","29,29",66,485,0
2024-05-10 20:25:00,"55,58","29,29",66,480,66
2024-05-10 20:25:05,"55,55","29,27",65,476,0
2024-05-10 20:25:10,"55,55","29,29",65,476,0
2024-05-10 20:25:15,"55,55","29,31",65,473,0
2024-05-10 20:25:20,"55,54","29,29",65,474,0
2024-05-10 20:25:26,"55,5","29,32",66,475,0
2024-05-10 20:25:30,"55,51","29,33",67,480,0
2024-05-10 20:25:35,"55,5","29,33",67,484,0
2024-05-10 20:25:40,"55,46","29,32",68,486,0
2024-05-10 20:25:45,"55,47","29,33",68,488,0
2024-05-10 20:25:50,"55,5","29,31",68,488,0
2024-05-10 20:25:55,"55,48","29,31",67,481,0
2024-05-10 20:26:01,"55,46","29,33",65,467,0
2024-05-10 20:26:05,"55,46","29,33",63,453,0
2024-05-10 20:26:10,"55,46","29,33",62,447,0
2024-05-10 20:26:15,"55,44","29,33",61,441,0
2024-05-10 20:26:20,"55,48","29,29",60,436,0
2024-05-10 20:26:25,"55,48","29,29",61,443,0
2024-05-10 20:26:30,"55,53","29,27",62,447,0
2024-05-10 20:26:35,"55,56","29,28",62,447,0
2024-05-10 20:26:40,"55,6","29,26",62,448,0
2024-05-10 20:26:45,"55,64","29,28",63,454,0
2024-05-10 20:26:51,"55,61","29,27",63,458,0
2024-05-10 20:26:55,"55,6","29,26",64,464,0
2024-05-10 20:27:00,"55,61","29,27",64,461,0
2024-05-10 20:27:05,"55,6","29,28",63,454,0
2024-05-10 20:27:10,"55,63","29,28",62,450,0
2024-05-10 20:27:15,"55,61","29,26",61,443,0
2024-05-10 20:27:20,"55,59","29,27",60,436,0
2024-05-10 20:27:25,"55,57","29,28",60,437,0
2024-05-10 20:27:32,"55,57","29,26",59,434,0
2024-05-10 20:27:35,"55,6","29,27",58,428,0
2024-05-10 20:27:40,"55,55","29,29",58,421,0
2024-05-10 20:27:45,"55,55","29,27",57,416,0
2024-05-10 20:27:50,"55,53","29,28",56,415,0
2024-05-10 20:27:55,"55,51","29,28",57,419,0
2024-05-10 20:28:00,"55,51","29,27",58,424,0
2024-05-10 20:28:05,"55,52","29,28",59,429,0
2024-05-10 20:28:10,"55,52","29,3",59,429,0
2024-05-10 20:28:15,"55,47","29,3",58,426,0
2024-05-10 20:28:20,"55,5","29,31",58,425,0
2024-05-10 20:28:25,"55,46","29,3",58,422,0
2024-05-10 20:28:30,"55,47","29,28",57,417,0
2024-05-10 20:28:35,"55,46","29,29",56,409,0
2024-05-10 20:28:40,"55,47","29,28",55,403,0
2024-05-10 20:28:45,"55,5","29,27",55,400,0
2024-05-10 20:28:52,"55,54","29,27",55,403,0
2024-05-10 20:28:55,"55,51","29,29",56,407,0
2024-05-10 20:29:00,"55,54","29,26",56,407,0
2024-05-10 20:29:05,"55,55","29,25",57,410,0
2024-05-10 20:29:10,"55,57","29,25",57,414,0
2024-05-10 20:29:15,"55,58","29,28",57,410,0
2024-05-10 20:29:20,"55,55","29,29",57,411,0
2024-05-10 20:29:25,"55,54","29,27",57,411,0
2024-05-10 20:29:30,"55,54","29,27",57,412,0
2024-05-10 20:29:35,"55,5","29,28",56,409,0
2024-05-10 20:29:40,"55,53","29,29",56,405,0
2024-05-10 20:29:45,"55,51","29,3",56,404,0
2024-05-10 20:29:50,"55,46","29,3",55,401,0
2024-05-10 20:29:55,"55,46","29,3",54,395,0
2024-05-10 20:30:00,"55,49","29,31",54,395,54
2024-05-10 20:30:05,"55,47","29,29",55,400,0
2024-05-10 20:30:10,"55,43","29,3",55,399,0
2024-05-10 20:30:15,"55,42","29,31",56,405,0
2024-05-10 20:30:21,"55,46","29,29",56,404,0
2024-05-10 20:30:25,"55,44","29,31",56,403,0
2024-05-10 20:30:30,"55,47","29,29",56,403,0
2024-05-10 20:30:35,"55,45","29,27",55,401,0
2024-05-10 20:30:40,"55,46","29,3",55,398,0
2024-05-10 20:30:45,"55,44","29,3",54,394,0
2024-05-10 20:30:50,"55,46","29,28",54,395,0
2024-05-10 20:30:55,"55,45","29,31",54,394,0
2024-05-10 20:31:00,"55,43","29,27",53,388,0
2024-05-10 20:31:05,"55,47","29,29",53,382,0
2024-05-10 20:31:10,"55,49","29,28",53,381,0
2024-05-10 20:31:15,"55,46","29,3",53,381,0
2024-05-10 20:31:20,"55,47","29,27",52,378,0
2024-05-10 20:31:25,"55,49","29,27",51,373,0
2024-05-10 20:31:30,"55,48","29,27",51,369,0
2024-05-10 20:31:35,"55,48","29,26",50,368,0
2024-05-10 20:31:40,"55,5","29,27",51,375,0
2024-05-10 20:31:45,"55,49","29,25",52,380,0
2024-05-10 20:31:50,"55,5","29,25",52,380,0
2024-05-10 20:31:55,"55,5","29,26",52,378,0
2024-05-10 20:32:00,"55,5","29,26",51,370,0
2024-05-10 20:32:05,"55,43","29,28",50,365,0
2024-05-10 20:32:10,"55,48","29,31",51,369,0
2024-05-10 20:32:15,"55,41","29,3",52,376,0
2024-05-10 20:32:20,"55,37","29,29",53,378,0
2024-05-10 20:32:25,"55,4","29,32",53,378,0
2024-05-10 20:32:30,"55,41","29,28",53,375,0
2024-05-10 20:32:35,"55,42","29,32",52,371,0
2024-05-10 20:32:40,"55,4","29,3",52,365,0
2024-05-10 20:32:45,"55,36","29,33",51,363,0
2024-05-10 20:32:50,"55,38","29,32",51,360,0
2024-05-10 20:32:55,"55,39","29,33",50,361,0
2024-05-10 20:33:00,"55,3","29,32",50,363,0
2024-05-10 20:33:09,"55,3","29,35",50,363,0
2024-05-10 20:33:12,"55,34","29,33",50,363,0
2024-05-10 20:33:15,"55,37","29,33",49,358,0
2024-05-10 20:33:20,"55,35","29,31",49,356,0
2024-05-10 20:33:30,"55,35","29,3",49,352,0
2024-05-10 20:33:35,"55,32","29,31",48,350,0
2024-05-10 20:33:40,"55,32","29,31",48,351,0
2024-05-10 20:33:45,"55,34","29,31",49,353,0
2024-05-10 20:33:50,"55,36","29,3",49,355,0
2024-05-10 20:34:00,"55,37","29,31",49,356,0
2024-05-10 20:34:05,"55,34","29,32",49,355,0
2024-05-10 20:34:10,"55,37","29,34",50,359,0
2024-05-10 20:34:15,"55,35","29,31",50,361,0
2024-05-10 20:34:20,"55,32","29,31",50,359,0
2024-05-10 20:34:25,"55,33","29,31",49,353,0
2024-05-10 20:34:30,"55,28","29,33",48,350,0
2024-05-10 20:34:35,"55,29","29,32",48,350,0
2024-05-10 20:34:40,"55,3","29,31",48,351,0
2024-05-10 20:34:45,"55,3","29,34",48,350,0
2024-05-10 20:34:50,"55,29","29,31",47,344,0
2024-05-10 20:34:55,"55,32","29,33",47,340,0
2024-05-10 20:35:00,"55,28","29,33",47,341,47
2024-05-10 20:35:07,"55,28","29,34",47,340,0
2024-05-10 20:35:10,"55,24","29,33",46,340,0
2024-05-10 20:35:15,"55,25","29,34",46,338,0
2024-05-10 20:35:20,"55,28","29,36",46,338,0
2024-05-10 20:35:25,"55,23","29,34",46,333,0
2024-05-10 20:35:30,"55,22","29,36",45,328,0
2024-05-10 20:35:35,"55,24","29,33",44,322,0
2024-05-10 20:35:40,"55,28","29,34",44,320,0
2024-05-10 20:35:45,"55,34","29,29",44,317,0
2024-05-10 20:35:50,"55,38","29,28",43,316,0
2024-05-10 20:35:55,"55,36","29,28",44,321,0
2024-05-10 20:36:04,"55,4","29,29",44,323,0
2024-05-10 20:36:07,"55,42","29,27",44,324,0
2024-05-10 20:36:10,"55,4","29,29",44,320,0
2024-05-10 20:36:15,"55,46","29,26",44,319,0
2024-05-10 20:36:20,"55,47","29,26",43,317,0
2024-05-10 20:36:25,"55,49","29,22",43,310,0
2024-05-10 20:36:30,"55,51","29,22",42,303,0
2024-05-10 20:36:35,"55,5","29,24",41,298,0
2024-05-10 20:36:40,"55,58","29,22",40,292,0
2024-05-10 20:36:45,"55,55","29,22",40,291,0
2024-05-10 20:36:50,"55,53","29,22",40,293,0
2024-05-10 20:36:55,"55,56","29,26",41,295,0
2024-05-10 20:37:00,"55,52","29,26",41,296,0
2024-05-10 20:37:05,"55,51","29,25",41,294,0
2024-05-10 20:37:10,"55,47","29,28",40,290,0
2024-05-10 20:37:15,"55,47","29,28",40,285,0
2024-05-10 20:37:20,"55,45","29,26",40,288,0
2024-05-10 20:37:25,"55,46","29,27",41,296,0
2024-05-10 20:37:30,"55,47","29,25",41,298,0
2024-05-10 20:37:35,"55,47","29,28",41,295,0
2024-05-10 20:37:40,"55,45","29,26",41,296,0
2024-05-10 20:37:45,"55,46","29,29",41,297,0
2024-05-10 20:37:50,"55,45","29,29",41,297,0
2024-05-10 20:37:55,"55,4","29,29",41,296,0
2024-05-10 20:38:00,"55,42","29,29",41,294,0
2024-05-10 20:38:05,"55,37","29,3",41,294,0
2024-05-10 20:38:10,"55,37","29,31",40,291,0
2024-05-10 20:38:16,"55,34","29,3",40,287,0
2024-05-10 20:38:20,"55,37","29,31",39,280,0
2024-05-10 20:38:25,"55,34","29,31",38,275,0
2024-05-10 20:38:30,"55,37","29,29",38,276,0
2024-05-10 20:38:35,"55,37","29,29",39,280,0
2024-05-10 20:38:40,"55,38","29,28",40,290,0
2024-05-10 20:38:45,"55,42","29,28",41,293,0
2024-05-10 20:38:50,"55,42","29,27",40,291,0
2024-05-10 20:38:57,"55,44","29,27",40,290,0
2024-05-10 20:39:00,"55,49","29,27",40,287,0
2024-05-10 20:39:05,"55,42","29,26",39,286,0
2024-05-10 20:39:10,"55,46","29,25",39,288,0
2024-05-10 20:39:16,"55,46","29,25",39,287,0
2024-05-10 20:39:20,"55,46","29,26",39,286,0
2024-05-10 20:39:25,"55,48","29,26",39,286,0
2024-05-10 20:39:30,"55,45","29,28",39,284,0
2024-05-10 20:39:35,"55,47","29,29",39,286,0
2024-05-10 20:39:40,"55,49","29,27",39,284,0
2024-05-10 20:39:45,"55,42","29,27",38,278,0
2024-05-10 20:39:50,"55,43","29,27",37,272,0
2024-05-10 20:39:55,"55,46","29,28",36,267,0
2024-05-10 20:40:00,"55,41","29,27",36,267,36
2024-05-10 20:40:05,"55,43","29,29",37,269,0
2024-05-10 20:40:10,"55,44","29,28",37,272,0
2024-05-10 20:40:20,"55,42","29,26",38,276,0
2024-05-10 20:40:25,"55,42","29,27",38,277,0
2024-05-10 20:40:30,"55,44","29,27",37,274,0
2024-05-10 20:40:35,"55,45","29,27",37,272,0
2024-05-10 20:40:40,"55,43","29,29",37,272,0
2024-05-10 20:40:45,"55,4","29,3",37,272,0
2024-05-10 20:40:50,"55,43","29,27",37,273,0
2024-05-10 20:40:55,"55,42","29,27",37,274,0
2024-05-10 20:41:00,"55,44","29,27",37,272,0
2024-05-10 20:41:05,"55,39","29,28",37,267,0
2024-05-10 20:41:10,"55,39","29,29",36,262,0
2024-05-10 20:41:20,"55,34","29,33",36,262,0
2024-05-10 20:41:25,"55,34","29,31",36,263,0
2024-05-10 20:41:30,"55,32","29,33",37,267,0
2024-05-10 20:41:35,"55,34","29,3",37,268,0
2024-05-10 20:41:40,"55,36","29,31",37,273,0
2024-05-10 20:41:50,"55,36","29,29",37,272,0
2024-05-10 20:41:54,"55,37","29,28",38,274,0
2024-05-10 20:41:57,"55,38","29,29",37,273,0
2024-05-10 20:42:01,"55,4","29,27",37,271,0
2024-05-10 20:42:05,"55,37","29,3",37,268,0
2024-05-10 20:42:10,"55,36","29,29",36,262,0
2024-05-10 20:42:15,"55,34","29,33",35,257,0
2024-05-10 20:42:20,"55,33","29,32",35,255,0
2024-05-10 20:42:25,"55,31","29,35",35,256,0
2024-05-10 20:42:30,"55,28","29,33",36,263,0
2024-05-10 20:42:35,"55,25","29,34",37,269,0
2024-05-10 20:42:40,"55,26","29,33",36,267,0
2024-05-10 20:42:45,"55,26","29,35",35,261,0
2024-05-10 20:42:50,"55,21","29,33",35,258,0
2024-05-10 20:42:55,"55,19","29,34",35,257,0
2024-05-10 20:43:00,"55,19","29,35",35,254,0
2024-05-10 20:43:05,"55,2","29,37",35,250,0
2024-05-10 20:43:10,"55,18","29,34",34,248,0
2024-05-10 20:43:15,"55,23","29,36",35,250,0
2024-05-10 20:43:20,"55,23","29,37",35,250,0
2024-05-10 20:43:25,"55,22","29,35",34,250,0
2024-05-10 20:43:30,"55,22","29,35",35,253,0
2024-05-10 20:43:35,"55,24","29,35",35,253,0
2024-05-10 20:43:45,"55,22","29,37",35,255,0
2024-05-10 20:43:55,"55,17","29,38",36,265,0
2024-05-10 20:44:00,"55,18","29,35",35,259,0
2024-05-10 20:44:05,"55,13","29,35",35,254,0
2024-05-10 20:44:10,"55,18","29,36",34,251,0
2024-05-10 20:44:15,"55,16","29,35",34,247,0
2024-05-10 20:44:20,"55,18","29,37",33,242,0
2024-05-10 20:44:25,"55,18","29,37",32,237,0
2024-05-10 20:44:30,"55,18","29,38",32,236,0
2024-05-10 20:44:35,"55,15","29,38",33,239,0
2024-05-10 20:44:43,"55,11","29,38",32,235,0
2024-05-10 20:44:46,"55,13","29,38",32,234,0
2024-05-10 20:44:50,"55,13","29,35",32,236,0
2024-05-10 20:44:55,"55,19","29,36",32,233,0
2024-05-10 20:45:00,"55,18","29,37",32,232,32
2024-05-10 20:45:05,"55,16","29,35",31,228,0
2024-05-10 20:45:10,"55,2","29,36",31,224,0
2024-05-10 20:45:15,"55,2","29,33",31,223,0
2024-05-10 20:45:20,"55,18","29,34",31,224,0
2024-05-10 20:45:25,"55,23","29,34",30,220,0
2024-05-10 20:45:30,"55,21","29,34",29,214,0
2024-05-10 20:45:35,"55,2","29,34",29,210,0
2024-05-10 20:45:40,"55,22","29,33",29,212,0
2024-05-10 20:45:45,"55,22","29,32",30,219,0
2024-05-10 20:45:50,"55,24","29,33",30,224,0
2024-05-10 20:45:55,"55,24","29,31",30,222,0
2024-05-10 20:46:00,"55,25","29,32",29,217,0
2024-05-10 20:46:05,"55,26","29,3",29,212,0
2024-05-10 20:46:15,"55,22","29,34",29,215,0
2024-05-10 20:46:20,"55,25","29,31",30,217,0
2024-05-10 20:46:25,"55,26","29,31",30,220,0
2024-05-10 20:46:30,"55,21","29,3",31,225,0
2024-05-10 20:46:35,"55,25","29,3",31,228,0
2024-05-10 20:46:40,"55,26","29,32",31,226,0
2024-05-10 20:46:45,"55,29","29,31",31,225,0
2024-05-10 20:46:50,"55,34","29,3",30,219,0
2024-05-10 20:46:55,"55,33","29,31",30,218,0
2024-05-10 20:47:01,"55,31","29,31",30,218,0
2024-05-10 20:47:05,"55,27","29,31",30,214,0
2024-05-10 20:47:10,"55,26","29,31",30,217,0
2024-05-10 20:47:15,"55,25","29,31",30,218,0
2024-05-10 20:47:20,"55,27","29,28",30,216,0
2024-05-10 20:47:25,"55,3","29,28",30,216,0
2024-05-10 20:47:30,"55,31","29,29",30,220,0
2024-05-10 20:47:40,"55,33","29,31",31,226,0
2024-05-10 20:47:43,"55,3","29,29",31,228,0
2024-05-10 20:47:47,"55,32","29,3",31,225,0
2024-05-10 20:47:50,"55,28","29,32",30,220,0
2024-05-10 20:47:55,"55,29","29,31",30,220,0
2024-05-10 20:48:00,"55,29","29,31",31,222,0
2024-05-10 20:48:10,"55,29","29,31",30,219,0
2024-05-10 20:48:15,"55,27","29,31",30,214,0
2024-05-10 20:48:20,"55,28","29,31",29,212,0
2024-05-10 20:48:25,"55,27","29,31",29,213,0
2024-05-10 20:48:30,"55,29","29,29",30,215,0
2024-05-10 20:48:41,"55,28","29,34",30,215,0
2024-05-10 20:48:45,"55,25","29,33",30,216,0
2024-05-10 20:48:50,"55,25","29,31",30,217,0
2024-05-10 20:48:55,"55,26","29,33",30,218,0
2024-05-10 20:49:05,"55,24","29,32",30,217,0
2024-05-10 20:49:15,"55,26","29,33",29,215,0
2024-05-10 20:49:20,"55,26","29,35",29,211,0
2024-05-10 20:49:25,"55,21","29,35",28,208,0
2024-05-10 20:49:30,"55,2","29,33",28,208,0
2024-05-10 20:49:45,"55,18","29,33",29,209,0
2024-05-10 20:49:50,"55,2","29,3",28,207,0
2024-05-10 20:49:55,"55,2","29,34",28,203,0
2024-05-10 20:50:00,"55,17","29,33",28,204,28
2024-05-10 20:50:05,"55,2","29,34",29,209,0
2024-05-10 20:50:15,"55,21","29,34",29,210,0
2024-05-10 20:50:20,"55,17","29,34",29,209,0
2024-05-10 20:50:25,"55,18","29,35",28,206,0
2024-05-10 20:50:30,"55,18","29,37",28,201,0
2024-05-10 20:50:35,"55,17","29,34",27,199,0
2024-05-10 20:50:42,"55,21","29,35",27,195,0
2024-05-10 20:50:51,"55,2","29,32",27,196,0
2024-05-10 20:50:53,"55,25","29,31",27,196,0
2024-05-10 20:50:56,"55,25","29,33",27,197,0
2024-05-10 20:51:00,"55,21","29,3",28,201,0
2024-05-10 20:51:05,"55,21","29,31",28,202,0
2024-05-10 20:51:10,"55,22","29,3",27,200,0
2024-05-10 20:51:15,"55,25","29,3",26,193,0
2024-05-10 20:51:20,"55,24","29,31",25,184,0
2024-05-10 20:51:25,"55,28","29,29",25,183,0
2024-05-10 20:51:30,"55,27","29,29",25,185,0
2024-05-10 20:51:35,"55,28","29,3",26,188,0
2024-05-10 20:51:40,"55,26","29,31",26,188,0
2024-05-10 20:51:45,"55,25","29,34",26,189,0
2024-05-10 20:51:50,"55,25","29,31",26,190,0
2024-05-10 20:51:55,"55,24","29,32",26,188,0
2024-05-10 20:52:00,"55,24","29,31",25,186,0
2024-05-10 20:52:05,"55,25","29,29",25,185,0
2024-05-10 20:52:10,"55,26","29,33",25,182,0
2024-05-10 20:52:15,"55,3","29,29",25,181,0
2024-05-10 20:52:20,"55,3","29,3",24,178,0
2024-05-10 20:52:25,"55,27","29,31",24,178,0
2024-05-10 20:52:30,"55,28","29,3",24,176,0
2024-05-10 20:52:35,"55,3","29,3",24,175,0
2024-05-10 20:52:40,"55,31","29,32",23,173,0
2024-05-10 20:52:45,"55,26","29,31",23,169,0
2024-05-10 20:52:55,"55,28","29,33",23,171,0
2024-05-10 20:53:00,"55,29","29,3",23,172,0
2024-05-10 20:53:05,"55,22","29,33",23,173,0
2024-05-10 20:53:10,"55,27","29,31",24,178,0
2024-05-10 20:53:15,"55,25","29,32",24,177,0
2024-05-10 20:53:20,"55,33","29,3",24,178,0
2024-05-10 20:53:25,"55,27","29,29",24,177,0
2024-05-10 20:53:30,"55,3","29,3",24,179,0
2024-05-10 20:53:35,"55,32","29,3",25,181,0
2024-05-10 20:53:40,"55,28","29,31",25,181,0
2024-05-10 20:53:52,"55,3","29,29",25,184,0
2024-05-10 20:53:57,"55,27","29,28",25,181,0
2024-05-10 20:54:01,"55,3","29,27",24,179,0
2024-05-10 20:54:05,"55,28","29,31",25,180,0
2024-05-10 20:54:10,"55,28","29,33",24,179,0
2024-05-10 20:54:15,"55,26","29,3",25,181,0
2024-05-10 20:54:25,"55,18","29,34",25,184,0
2024-05-10 20:54:30,"55,13","29,33",25,183,0
2024-05-10 20:54:35,"55,14","29,36",24,181,0
2024-05-10 20:54:40,"55,18","29,36",23,175,0
2024-05-10 20:54:45,"55,17","29,33",23,169,0
2024-05-10 20:54:50,"55,18","29,34",22,165,0
2024-05-10 20:54:55,"55,16","29,33",22,167,0
2024-05-10 20:55:00,"55,22","29,32",23,168,23
2024-05-10 20:55:05,"55,23","29,33",23,168,0
2024-05-10 20:55:10,"55,2","29,29",23,169,0
2024-05-10 20:55:15,"55,22","29,34",23,171,0
2024-05-10 20:55:20,"55,22","29,31",23,170,0
2024-05-10 20:55:25,"55,23","29,3",23,170,0
2024-05-10 20:55:30,"55,24","29,29",23,172,0
2024-05-10 20:55:36,"55,28","29,3",23,173,0
2024-05-10 20:55:40,"55,27","29,29",23,174,0
2024-05-10 20:55:45,"55,3","29,32",23,171,0
2024-05-10 20:55:50,"55,28","29,27",22,166,0
2024-05-10 20:55:55,"55,29","29,29",22,161,0
2024-05-10 20:56:00,"55,26","29,3",21,161,0
2024-05-10 20:56:05,"55,26","29,3",21,160,0
2024-05-10 20:56:10,"55,25","29,31",21,160,0
2024-05-10 20:56:15,"55,29","29,29",21,158,0
2024-05-10 20:56:20,"55,3","29,29",22,162,0
2024-05-10 20:56:25,"55,26","29,33",22,164,0
2024-05-10 20:56:30,"55,27","29,3",22,165,0
2024-05-10 20:56:38,"55,26","29,3",22,165,0
2024-05-10 20:56:42,"55,27","29,32",22,162,0
2024-05-10 20:56:46,"55,2","29,32",21,160,0
2024-05-10 20:56:50,"55,21","29,32",21,155,0
2024-05-10 20:56:55,"55,22","29,31",21,155,0
2024-05-10 20:57:02,"55,26","29,29",21,157,0
2024-05-10 20:57:06,"55,25","29,29",21,157,0
2024-05-10 20:57:10,"55,24","29,29",21,154,0
2024-05-10 20:57:15,"55,18","29,31",21,154,0
2024-05-10 20:57:20,"55,17","29,33",21,156,0
2024-05-10 20:57:25,"55,23","29,32",21,157,0
2024-05-10 20:57:30,"55,18","29,31",21,155,0
2024-05-10 20:57:35,"55,23","29,29",21,153,0
2024-05-10 20:57:40,"55,2","29,31",21,153,0
2024-05-10 20:57:45,"55,23","29,29",20,151,0
2024-05-10 20:57:50,"55,28","29,32",20,151,0
2024-05-10 20:57:55,"55,25","29,3",20,152,0
2024-05-10 20:58:00,"55,25","29,31",21,154,0
2024-05-10 20:58:05,"55,23","29,3",21,155,0
2024-05-10 20:58:10,"55,26","29,27",21,153,0
2024-05-10 20:58:15,"55,26","29,29",21,153,0
2024-05-10 20:58:20,"55,26","29,28",21,153,0
2024-05-10 20:58:25,"55,29","29,3",20,152,0
2024-05-10 20:58:30,"55,28","29,28",20,151,0
2024-05-10 20:58:40,"55,26","29,26",21,156,0
2024-05-10 20:58:45,"55,32","29,27",21,156,0
2024-05-10 20:58:50,"55,3","29,29",21,157,0
2024-05-10 20:58:55,"55,3","29,27",21,158,0
2024-05-10 20:59:00,"55,33","29,27",21,158,0
2024-05-10 20:59:05,"55,33","29,27",21,155,0
2024-05-10 20:59:10,"55,34","29,28",20,151,0
2024-05-10 20:59:15,"55,38","29,25",20,147,0
2024-05-10 20:59:20,"55,32","29,26",20,151,0
2024-05-10 20:59:25,"55,36","29,27",20,152,0
2024-05-10 20:59:32,"55,33","29,28",20,151,0
2024-05-10 20:59:35,"55,36","29,26",20,151,0
2024-05-10 20:59:40,"55,33","29,28",20,151,0
2024-05-10 20:59:45,"55,31","29,27",20,151,0
2024-05-10 20:59:50,"55,32","29,27",20,152,0
2024-05-10 20:59:55,"55,3","29,26",20,149,0
2024-05-10 21:00:00,"55,32","29,27",20,149,20
