Datetime,MC_PM25
2024-10-11 00:10:14,24
2024-10-11 00:10:37,24
2024-10-11 00:10:50,24
2024-10-11 00:11:12,24
2024-10-11 00:11:35,24
2024-10-11 00:11:49,24
2024-10-11 00:12:02,24
2024-10-11 00:12:19,24
2024-10-11 00:12:32,24
2024-10-11 00:12:46,24
2024-10-11 00:13:18,24
2024-10-11 00:13:47,24
2024-10-11 00:14:03,24
2024-10-11 00:14:18,24
2024-10-11 00:14:32,24
2024-10-11 00:14:47,24
2024-10-11 00:15:09,24
2024-10-11 00:15:22,24
2024-10-11 00:15:46,24
2024-10-11 00:16:01,24
2024-10-11 00:16:17,24
2024-10-11 00:16:33,24
2024-10-11 00:16:49,24
2024-10-11 00:17:23,24
2024-10-11 00:17:40,24
2024-10-11 00:18:05,24
2024-10-11 00:18:22,24
2024-10-11 00:18:37,24
2024-10-11 00:18:53,24
2024-10-11 00:19:09,24
2024-10-11 00:19:34,24
2024-10-11 00:20:00,24
2024-10-11 00:20:23,24
2024-10-11 00:20:49,24
2024-10-11 00:21:03,24
2024-10-11 00:21:30,24
2024-10-11 00:21:44,24
2024-10-11 00:22:11,24
2024-10-11 00:22:37,24
2024-10-11 00:23:22,24
2024-10-11 00:23:54,24
2024-10-11 00:24:09,24
2024-10-11 00:24:30,24
2024-10-11 00:24:46,24
2024-10-11 00:25:24,24
2024-10-11 00:25:41,24
2024-10-11 00:26:05,24
2024-10-11 00:26:20,24
2024-10-11 00:26:44,24
2024-10-11 00:27:14,24
2024-10-11 00:27:30,24
2024-10-11 00:27:44,24
2024-10-11 00:28:00,24
2024-10-11 00:28:24,24
2024-10-11 00:28:56,24
2024-10-11 00:29:11,24
2024-10-11 00:29:32,24
2024-10-11 00:29:50,24
2024-10-11 00:30:06,24
2024-10-11 00:30:36,24
2024-10-11 00:30:51,24
2024-10-11 00:31:07,24
2024-10-11 00:31:30,24
2024-10-11 00:31:46,24
2024-10-11 00:32:01,24
2024-10-11 00:32:14,24
2024-10-11 00:32:34,24
2024-10-11 00:32:45,24
2024-10-11 00:33:12,24
2024-10-11 00:33:39,24
2024-10-11 00:32:14,24
2024-10-11 00:34:06,24
2024-10-11 00:34:21,24
2024-10-11 00:34:36,24
2024-10-11 00:34:51,24
2024-10-11 00:35:16,24
2024-10-11 00:35:32,24
2024-10-11 00:35:56,22
2024-10-11 00:36:11,22
2024-10-11 00:36:47,23
2024-10-11 00:37:17,23
2024-10-11 00:37:45,23
2024-10-11 00:38:09,23
2024-10-11 00:38:46,23
2024-10-11 00:39:01,23
2024-10-11 00:39:16,23
2024-10-11 00:39:48,23
2024-10-11 00:40:03,23
2024-10-11 00:40:33,23
2024-10-11 00:40:58,23
2024-10-11 00:41:14,23
2024-10-11 00:41:28,23
2024-10-11 00:41:44,23
2024-10-11 00:42:06,23
2024-10-11 00:42:34,23
2024-10-11 00:42:47,23
2024-10-11 00:43:21,23
2024-10-11 00:43:54,23
2024-10-11 00:44:20,23
2024-10-11 00:44:34,23
2024-10-11 00:44:48,23
2024-10-11 00:45:12,23
2024-10-11 00:45:27,23
2024-10-11 00:45:51,23
2024-10-11 00:46:06,23
2024-10-11 00:46:29,23
2024-10-11 00:46:45,23
2024-10-11 00:47:15,23
2024-10-11 00:47:39,23
2024-10-11 00:48:02,23
2024-10-11 00:48:18,23
2024-10-11 00:48:41,23
2024-10-11 00:49:16,23
2024-10-11 00:49:29,23
2024-10-11 00:49:54,23
2024-10-11 00:50:13,23
2024-10-11 00:50:36,23
2024-10-11 00:50:52,23
2024-10-11 00:51:04,23
2024-10-11 00:51:16,23
2024-10-11 00:51:30,23
2024-10-11 00:51:40,23
2024-10-11 00:52:05,23
2024-10-11 00:52:17,23
2024-10-11 00:52:29,23
2024-10-11 00:52:41,23
2024-10-11 00:53:01,23
2024-10-11 00:53:23,23
2024-10-11 00:54:02,23
2024-10-11 00:54:22,23
2024-10-11 00:54:34,23
2024-10-11 00:54:47,23
2024-10-11 00:55:13,23
2024-10-11 00:55:24,23
2024-10-11 00:55:38,23
2024-10-11 00:55:51,23
2024-10-11 00:56:04,23
2024-10-11 00:56:39,23
2024-10-11 00:56:51,23
2024-10-11 00:57:11,23
2024-10-11 00:57:23,23
2024-10-11 00:57:38,23
2024-10-11 00:57:50,23
2024-10-11 00:58:02,23
2024-10-11 00:58:15,23
2024-10-11 00:58:36,23
2024-10-11 00:58:56,23
2024-10-11 00:59:10,23
2024-10-11 00:59:22,23
2024-10-11 00:59:33,23
2024-10-11 00:59:57,23
2024-10-11 01:00:10,23
2024-10-11 01:00:51,23
2024-10-11 01:01:00,23
2024-10-11 01:01:15,23
2024-10-11 01:01:36,23
2024-10-11 01:02:17,23
2024-10-11 01:02:29,23
2024-10-11 01:02:49,23
2024-10-11 01:03:27,23
2024-10-11 01:03:45,23
2024-10-11 01:04:15,23
2024-10-11 01:04:34,23
2024-10-11 01:04:48,21
2024-10-11 01:05:47,17
2024-10-11 01:05:45,17
2024-10-11 01:05:50,17
2024-10-11 01:05:49,17
2024-10-11 01:06:33,17
2024-10-11 01:06:34,17
2024-10-11 01:06:35,17
2024-10-11 01:07:18,17
2024-10-11 01:07:44,17
2024-10-11 01:07:59,17
2024-10-11 01:08:21,17
2024-10-11 01:08:37,17
2024-10-11 01:08:49,17
2024-10-11 01:09:14,17
2024-10-11 01:09:38,17
2024-10-11 01:09:51,17
2024-10-11 01:10:05,17
2024-10-11 01:10:29,17
2024-10-11 01:10:56,17
2024-10-11 01:11:30,17
2024-10-11 01:11:46,17
2024-10-11 01:12:02,17
2024-10-11 01:12:18,17
2024-10-11 01:12:45,17
2024-10-11 01:13:00,17
2024-10-11 01:13:23,17
2024-10-11 01:13:46,17
2024-10-11 01:14:03,17
2024-10-11 01:14:16,17
2024-10-11 01:14:33,17
2024-10-11 01:14:48,17
2024-10-11 01:15:05,17
2024-10-11 01:15:17,17
2024-10-11 01:15:36,17
2024-10-11 01:16:02,17
2024-10-11 01:16:15,17
2024-10-11 01:16:30,17
2024-10-11 01:16:47,17
2024-10-11 01:17:17,17
2024-10-11 01:17:40,17
2024-10-11 01:17:53,17
2024-10-11 01:18:10,17
2024-10-11 01:18:33,17
2024-10-11 01:18:49,17
2024-10-11 01:19:05,17
2024-10-11 01:19:22,18
2024-10-11 01:19:48,17
2024-10-11 01:20:06,17
2024-10-11 01:20:37,17
2024-10-11 01:20:56,17
2024-10-11 01:21:40,17
2024-10-11 01:21:59,17
2024-10-11 01:22:42,17
2024-10-11 01:22:58,17
2024-10-11 01:23:21,17
2024-10-11 01:23:44,17
2024-10-11 01:24:00,17
2024-10-11 01:24:15,17
2024-10-11 01:24:29,17
2024-10-11 01:24:56,17
2024-10-11 01:25:18,17
2024-10-11 01:25:29,17
2024-10-11 01:25:47,17
2024-10-11 01:26:01,17
2024-10-11 01:27:01,17
2024-10-11 01:27:13,17
2024-10-11 01:28:12,17
2024-10-11 01:28:35,17
2024-10-11 01:28:46,17
2024-10-11 01:29:03,17
2024-10-11 01:29:24,17
2024-10-11 01:29:40,17
2024-10-11 01:29:53,17
2024-10-11 01:30:17,17
2024-10-11 01:30:32,17
2024-10-11 01:30:46,17
2024-10-11 01:31:11,17
2024-10-11 01:31:20,17
2024-10-11 01:31:49,17
2024-10-11 01:32:05,17
2024-10-11 01:32:59,17
2024-10-11 01:33:26,17
2024-10-11 01:33:47,17
2024-10-11 01:34:03,17
2024-10-11 01:34:20,17
2024-10-11 01:34:36,17
2024-10-11 01:34:52,17
2024-10-11 01:35:08,17
2024-10-11 01:35:23,17
2024-10-11 01:35:40,17
2024-10-11 01:35:54,17
2024-10-11 01:36:08,17
2024-10-11 01:36:32,17
2024-10-11 01:36:54,17
2024-10-11 01:37:18,17
2024-10-11 01:37:43,17
2024-10-11 01:37:59,17
2024-10-11 01:38:20,17
2024-10-11 01:38:34,17
2024-10-11 01:38:47,17
2024-10-11 01:39:01,17
2024-10-11 01:39:17,17
2024-10-11 01:39:31,17
2024-10-11 01:39:45,17
2024-10-11 01:39:59,17
2024-10-11 01:40:17,17
2024-10-11 01:40:52,17
2024-10-11 01:41:15,17
2024-10-11 01:41:37,17
2024-10-11 01:42:01,17
2024-10-11 01:42:24,17
2024-10-11 01:42:37,17
2024-10-11 01:43:00,17
2024-10-11 01:43:11,17
2024-10-11 01:43:42,17
2024-10-11 01:43:57,17
2024-10-11 01:44:20,17
2024-10-11 01:44:32,17
2024-10-11 01:44:56,17
2024-10-11 01:45:12,17
2024-10-11 01:45:36,17
2024-10-11 01:46:02,17
2024-10-11 01:46:26,17
2024-10-11 01:46:50,17
2024-10-11 01:47:16,17
2024-10-11 01:47:30,17
2024-10-11 01:47:45,17
2024-10-11 01:48:13,17
2024-10-11 01:48:28,17
2024-10-11 01:48:52,17
2024-10-11 01:49:07,17
2024-10-11 01:49:24,17
2024-10-11 01:49:39,16
2024-10-11 01:50:05,16
2024-10-11 01:50:19,16
2024-10-11 01:50:35,16
2024-10-11 01:50:52,16
2024-10-11 01:51:17,16
2024-10-11 01:51:32,16
2024-10-11 01:51:57,16
2024-10-11 01:52:21,16
2024-10-11 01:52:37,16
2024-10-11 01:52:51,16
2024-10-11 01:53:22,16
2024-10-11 01:53:36,16
2024-10-11 01:54:01,16
2024-10-11 01:54:27,16
2024-10-11 01:55:01,16
2024-10-11 01:55:16,16
2024-10-11 01:55:32,16
2024-10-11 01:55:57,16
2024-10-11 01:56:24,16
2024-10-11 01:56:57,16
2024-10-11 01:57:10,16
2024-10-11 01:57:48,16
2024-10-11 01:58:03,16
2024-10-11 01:58:17,16
2024-10-11 01:58:45,16
2024-10-11 01:59:03,16
2024-10-11 01:59:17,16
2024-10-11 01:59:33,16
2024-10-11 02:00:04,16
2024-10-11 02:00:18,16
2024-10-11 02:00:44,16
2024-10-11 02:01:00,16
2024-10-11 02:01:15,16
2024-10-11 02:01:32,16
2024-10-11 02:01:57,16
2024-10-11 02:02:23,16
2024-10-11 02:02:37,16
2024-10-11 02:02:52,16
2024-10-11 02:03:31,16
2024-10-11 02:03:59,16
2024-10-11 02:04:26,16
2024-10-11 02:04:42,16
2024-10-11 02:04:57,16
2024-10-11 02:05:19,16
2024-10-11 02:05:54,16
2024-10-11 02:06:09,16
2024-10-11 02:06:24,16
2024-10-11 02:06:44,16
2024-10-11 02:07:10,16
2024-10-11 02:07:31,16
2024-10-11 02:07:53,16
2024-10-11 02:08:06,16
2024-10-11 02:08:21,16
2024-10-11 02:08:36,16
2024-10-11 02:08:46,16
2024-10-11 02:09:01,16
2024-10-11 02:09:16,16
2024-10-11 02:09:32,16
2024-10-11 02:10:17,16
2024-10-11 02:10:32,16
2024-10-11 02:10:47,16
2024-10-11 02:10:59,16
2024-10-11 02:11:14,16
2024-10-11 02:11:48,16
2024-10-11 02:12:04,16
2024-10-11 02:12:18,16
2024-10-11 02:12:33,16
2024-10-11 02:12:48,16
2024-10-11 02:13:22,16
2024-10-11 02:13:37,16
2024-10-11 02:13:52,16
2024-10-11 02:14:08,16
2024-10-11 02:14:23,16
2024-10-11 02:14:37,16
2024-10-11 02:14:52,16
2024-10-11 02:15:06,16
2024-10-11 02:15:21,16
2024-10-11 02:15:36,16
2024-10-11 02:16:04,16
2024-10-11 02:16:26,16
2024-10-11 02:16:57,16
2024-10-11 02:17:12,16
2024-10-11 02:17:27,16
2024-10-11 02:17:42,16
2024-10-11 02:17:57,16
2024-10-11 02:18:12,16
2024-10-11 02:18:37,16
2024-10-11 02:19:03,14
2024-10-11 02:19:19,14
2024-10-11 02:19:33,14
2024-10-11 02:20:10,14
2024-10-11 02:20:32,14
2024-10-11 02:21:17,14
2024-10-11 02:21:32,14
2024-10-11 02:21:47,14
2024-10-11 02:22:02,14
2024-10-11 02:22:34,14
2024-10-11 02:22:50,14
2024-10-11 02:23:10,14
2024-10-11 02:23:34,14
2024-10-11 02:24:00,14
2024-10-11 02:24:14,14
2024-10-11 02:24:39,14
2024-10-11 02:25:03,14
2024-10-11 02:25:19,14
2024-10-11 02:25:33,14
2024-10-11 02:25:48,14
2024-10-11 02:26:14,14
2024-10-11 02:26:38,14
2024-10-11 02:26:59,14
2024-10-11 02:27:14,14
2024-10-11 02:27:28,14
2024-10-11 02:27:45,14
2024-10-11 02:28:00,14
2024-10-11 02:28:16,14
2024-10-11 02:28:30,14
2024-10-11 02:28:45,14
2024-10-11 02:29:01,14
2024-10-11 02:29:25,14
2024-10-11 02:29:41,14
2024-10-11 02:30:14,14
2024-10-11 02:30:38,14
2024-10-11 02:30:53,14
2024-10-11 02:31:07,14
2024-10-11 02:31:22,14
2024-10-11 02:31:38,14
2024-10-11 02:31:53,14
2024-10-11 02:32:08,14
2024-10-11 02:32:32,14
2024-10-11 02:32:58,14
2024-10-11 02:33:18,14
2024-10-11 02:33:38,14
2024-10-11 02:34:02,14
2024-10-11 02:34:25,14
2024-10-11 02:34:39,14
2024-10-11 02:34:53,14
2024-10-11 02:35:18,14
2024-10-11 02:35:31,14
2024-10-11 02:35:54,14
2024-10-11 02:36:18,14
2024-10-11 02:36:49,14
2024-10-11 02:37:16,14
2024-10-11 02:37:32,14
2024-10-11 02:37:48,14
2024-10-11 02:38:13,14
2024-10-11 02:38:26,14
2024-10-11 02:38:43,14
2024-10-11 02:38:57,14
2024-10-11 02:39:13,14
2024-10-11 02:39:28,14
2024-10-11 02:40:11,14
2024-10-11 02:40:27,14
2024-10-11 02:40:42,14
2024-10-11 02:40:57,14
2024-10-11 02:41:18,14
2024-10-11 02:41:44,14
2024-10-11 02:42:09,14
2024-10-11 02:42:36,14
2024-10-11 02:42:51,14
2024-10-11 02:43:13,14
2024-10-11 02:43:28,14
2024-10-11 02:44:08,14
2024-10-11 02:44:27,14
2024-10-11 02:44:42,14
2024-10-11 02:45:08,14
2024-10-11 02:45:24,14
2024-10-11 02:45:40,14
2024-10-11 02:46:03,14
2024-10-11 02:46:19,14
2024-10-11 02:46:44,14
2024-10-11 02:47:01,14
2024-10-11 02:47:18,14
2024-10-11 02:47:35,14
2024-10-11 02:47:52,14
2024-10-11 02:48:08,14
2024-10-11 02:48:23,14
2024-10-11 02:48:38,13
2024-10-11 02:49:05,14
2024-10-11 02:49:35,13
2024-10-11 02:50:11,13
2024-10-11 02:50:33,13
2024-10-11 02:50:57,13
2024-10-11 02:51:13,13
2024-10-11 02:51:41,13
2024-10-11 02:51:57,13
2024-10-11 02:52:24,13
2024-10-11 02:52:39,13
2024-10-11 02:52:56,13
2024-10-11 02:53:20,13
2024-10-11 02:53:38,13
2024-10-11 02:53:53,13
2024-10-11 02:54:22,13
2024-10-11 02:54:49,13
2024-10-11 02:55:24,13
2024-10-11 02:56:00,13
2024-10-11 02:55:42,13
2024-10-11 02:56:16,13
2024-10-11 02:56:54,13
2024-10-11 02:57:10,13
2024-10-11 02:57:27,13
2024-10-11 02:57:54,13
2024-10-11 02:58:20,13
2024-10-11 02:58:47,13
2024-10-11 02:59:05,13
2024-10-11 02:59:21,13
2024-10-11 02:59:37,13
2024-10-11 03:00:10,13
2024-10-11 03:00:39,13
2024-10-11 03:00:55,13
2024-10-11 03:01:10,13
2024-10-11 03:01:26,13
2024-10-11 03:01:52,13
2024-10-11 03:02:19,13
2024-10-11 03:02:34,13
2024-10-11 03:02:51,13
2024-10-11 03:03:08,13
2024-10-11 03:03:45,13
2024-10-11 03:03:59,13
2024-10-11 03:04:32,13
2024-10-11 03:04:52,13
2024-10-11 03:05:48,13
2024-10-11 03:05:50,11
2024-10-11 03:05:58,11
2024-10-11 03:05:57,11
2024-10-11 03:06:23,11
2024-10-11 03:07:38,11
2024-10-11 03:07:46,11
2024-10-11 03:07:44,11
2024-10-11 03:08:05,11
2024-10-11 03:08:10,11
2024-10-11 03:08:16,11
2024-10-11 03:08:32,11
2024-10-11 03:08:47,11
2024-10-11 03:09:13,11
2024-10-11 03:09:27,11
2024-10-11 03:09:55,11
2024-10-11 03:10:19,11
2024-10-11 03:10:34,11
2024-10-11 03:10:59,11
2024-10-11 03:11:17,11
2024-10-11 03:11:28,11
2024-10-11 03:11:45,11
2024-10-11 03:12:09,11
2024-10-11 03:12:24,11
2024-10-11 03:12:40,11
2024-10-11 03:12:55,11
2024-10-11 03:13:09,11
2024-10-11 03:13:37,11
2024-10-11 03:13:53,11
2024-10-11 03:14:08,11
2024-10-11 03:14:23,11
2024-10-11 03:14:37,11
2024-10-11 03:14:51,11
2024-10-11 03:15:30,11
2024-10-11 03:15:51,11
2024-10-11 03:16:10,11
2024-10-11 03:16:26,11
2024-10-11 03:16:58,11
2024-10-11 03:17:14,11
2024-10-11 03:17:44,11
2024-10-11 03:18:12,11
2024-10-11 03:18:28,11
2024-10-11 03:18:44,11
2024-10-11 03:18:59,11
2024-10-11 03:19:16,11
2024-10-11 03:19:32,11
2024-10-11 03:19:48,11
2024-10-11 03:20:28,11
2024-10-11 03:20:45,11
2024-10-11 03:21:01,11
2024-10-11 03:21:13,11
2024-10-11 03:21:30,11
2024-10-11 03:21:46,11
2024-10-11 03:22:03,11
2024-10-11 03:22:19,11
2024-10-11 03:22:35,11
2024-10-11 03:22:52,11
2024-10-11 03:23:19,11
2024-10-11 03:23:42,11
2024-10-11 03:23:58,11
2024-10-11 03:24:15,11
2024-10-11 03:24:32,11
2024-10-11 03:25:01,11
2024-10-11 03:25:16,11
2024-10-11 03:25:39,11
2024-10-11 03:25:55,11
2024-10-11 03:26:11,11
2024-10-11 03:26:28,11
2024-10-11 03:26:52,11
2024-10-11 03:27:09,11
2024-10-11 03:27:25,11
2024-10-11 03:27:51,11
2024-10-11 03:28:20,11
2024-10-11 03:28:34,11
2024-10-11 03:29:02,11
2024-10-11 03:29:15,11
2024-10-11 03:29:44,11
2024-10-11 03:30:18,11
2024-10-11 03:30:40,11
2024-10-11 03:30:52,11
2024-10-11 03:31:08,11
2024-10-11 03:31:35,11
2024-10-11 03:31:51,11
2024-10-11 03:32:17,11
2024-10-11 03:32:43,11
2024-10-11 03:32:58,11
2024-10-11 03:33:14,11
2024-10-11 03:33:36,11
2024-10-11 03:33:50,11
2024-10-11 03:34:17,11
2024-10-11 03:34:37,11
2024-10-11 03:35:16,11
2024-10-11 03:35:41,11
2024-10-11 03:36:05,11
2024-10-11 03:36:18,11
2024-10-11 03:37:00,11
2024-10-11 03:37:22,11
2024-10-11 03:37:38,11
2024-10-11 03:37:55,11
2024-10-11 03:38:21,11
2024-10-11 03:38:36,11
2024-10-11 03:39:01,11
2024-10-11 03:39:17,11
2024-10-11 03:39:30,11
2024-10-11 03:39:46,11
2024-10-11 03:40:01,11
2024-10-11 03:40:53,11
2024-10-11 03:41:07,11
2024-10-11 03:41:21,11
2024-10-11 03:41:33,11
2024-10-11 03:41:49,11
2024-10-11 03:42:04,11
2024-10-11 03:42:35,11
2024-10-11 03:43:12,11
2024-10-11 03:43:33,11
2024-10-11 03:43:56,11
2024-10-11 03:44:11,11
2024-10-11 03:44:27,11
2024-10-11 03:44:42,11
2024-10-11 03:44:55,11
2024-10-11 03:45:09,11
2024-10-11 03:45:24,11
2024-10-11 03:45:54,11
2024-10-11 03:46:09,11
2024-10-11 03:46:24,11
2024-10-11 03:46:37,11
2024-10-11 03:46:49,11
2024-10-11 03:47:21,11
2024-10-11 03:48:01,11
2024-10-11 03:48:16,11
2024-10-11 03:48:31,11
2024-10-11 03:48:45,11
2024-10-11 03:49:01,11
2024-10-11 03:49:15,11
2024-10-11 03:49:32,11
2024-10-11 03:49:48,11
2024-10-11 03:50:16,11
2024-10-11 03:50:38,11
2024-10-11 03:51:06,11
2024-10-11 03:51:16,11
2024-10-11 03:51:42,11
2024-10-11 03:51:56,11
2024-10-11 03:52:10,10
2024-10-11 03:52:27,10
2024-10-11 03:52:53,10
2024-10-11 03:53:08,10
2024-10-11 03:53:25,10
2024-10-11 03:53:49,10
2024-10-11 03:54:18,10
2024-10-11 03:54:32,10
2024-10-11 03:54:57,10
2024-10-11 03:55:13,10
2024-10-11 03:55:40,10
2024-10-11 03:56:20,10
2024-10-11 03:56:37,10
2024-10-11 03:56:52,10
2024-10-11 03:57:20,10
2024-10-11 03:57:42,10
2024-10-11 03:57:56,10
2024-10-11 03:58:22,10
2024-10-11 03:58:39,10
2024-10-11 03:58:50,10
2024-10-11 03:59:02,10
2024-10-11 03:59:18,10
2024-10-11 03:59:29,10
2024-10-11 03:59:46,10
2024-10-11 04:00:02,10
2024-10-11 04:00:13,10
2024-10-11 04:00:36,10
2024-10-11 04:00:47,10
2024-10-11 04:01:15,10
2024-10-11 04:01:30,10
2024-10-11 04:01:47,10
2024-10-11 04:02:03,10
2024-10-11 04:02:19,10
2024-10-11 04:02:44,10
2024-10-11 04:03:00,10
2024-10-11 04:03:16,10
2024-10-11 04:03:50,10
2024-10-11 04:04:02,10
2024-10-11 04:04:19,10
2024-10-11 04:04:34,10
2024-10-11 04:04:50,10
2024-10-11 04:05:07,10
2024-10-11 04:05:23,10
2024-10-11 04:05:52,10
2024-10-11 04:06:13,10
2024-10-11 04:06:29,10
2024-10-11 04:06:51,10
2024-10-11 04:07:24,10
2024-10-11 04:07:39,10
2024-10-11 04:07:51,10
2024-10-11 04:08:19,10
2024-10-11 04:08:47,10
2024-10-11 04:09:15,10
2024-10-11 04:09:30,10
2024-10-11 04:09:42,10
2024-10-11 04:10:06,10
2024-10-11 04:10:44,10
2024-10-11 04:10:54,10
2024-10-11 04:11:18,10
2024-10-11 04:11:38,10
2024-10-11 04:11:57,10
2024-10-11 04:12:18,10
2024-10-11 04:12:34,10
2024-10-11 04:12:45,10
2024-10-11 04:13:09,10
2024-10-11 04:13:31,10
2024-10-11 04:13:53,10
2024-10-11 04:14:08,10
2024-10-11 04:14:45,10
2024-10-11 04:15:00,10
2024-10-11 04:15:14,10
2024-10-11 04:15:28,10
2024-10-11 04:15:40,10
2024-10-11 04:15:54,10
2024-10-11 04:16:20,10
2024-10-11 04:16:42,10
2024-10-11 04:17:10,10
2024-10-11 04:17:25,10
2024-10-11 04:17:39,10
2024-10-11 04:17:55,10
2024-10-11 04:18:10,10
2024-10-11 04:18:24,10
2024-10-11 04:18:39,10
2024-10-11 04:18:55,10
2024-10-11 04:19:21,10
2024-10-11 04:19:48,10
2024-10-11 04:19:58,10
2024-10-11 04:20:33,10
2024-10-11 04:20:48,10
2024-10-11 04:21:02,10
2024-10-11 04:21:31,10
2024-10-11 04:21:45,10
2024-10-11 04:21:58,10
2024-10-11 04:22:21,10
2024-10-11 04:22:37,10
2024-10-11 04:22:55,10
2024-10-11 04:23:23,10
2024-10-11 04:24:08,10
2024-10-11 04:24:36,10
2024-10-11 04:25:03,10
2024-10-11 04:25:28,10
2024-10-11 04:25:43,10
2024-10-11 04:26:10,10
2024-10-11 04:26:26,10
2024-10-11 04:26:39,10
2024-10-11 04:27:13,10
2024-10-11 04:27:40,10
2024-10-11 04:27:56,10
2024-10-11 04:28:24,10
2024-10-11 04:28:41,10
2024-10-11 04:28:57,10
2024-10-11 04:29:12,10
2024-10-11 04:29:39,10
2024-10-11 04:29:58,10
2024-10-11 04:30:13,10
2024-10-11 04:30:33,10
2024-10-11 04:30:44,10
2024-10-11 04:31:13,10
2024-10-11 04:31:28,10
2024-10-11 04:31:44,10
2024-10-11 04:32:00,10
2024-10-11 04:32:16,10
2024-10-11 04:32:33,10
2024-10-11 04:32:49,10
2024-10-11 04:33:05,10
2024-10-11 04:33:23,10
2024-10-11 04:34:02,10
2024-10-11 04:34:28,10
2024-10-11 04:34:54,10
2024-10-11 04:35:11,10
2024-10-11 04:35:27,10
2024-10-11 04:35:55,10
2024-10-11 04:36:10,10
2024-10-11 04:36:27,10
2024-10-11 04:36:43,10
2024-10-11 04:36:59,10
2024-10-11 04:37:24,10
2024-10-11 04:37:41,10
2024-10-11 04:37:57,10
2024-10-11 04:38:12,10
2024-10-11 04:38:29,10
2024-10-11 04:38:44,10
2024-10-11 04:39:00,10
2024-10-11 04:39:16,10
2024-10-11 04:39:33,10
2024-10-11 04:39:49,10
2024-10-11 04:40:08,10
2024-10-11 04:40:38,10
2024-10-11 04:40:54,10
2024-10-11 04:41:10,10
2024-10-11 04:41:26,10
2024-10-11 04:41:42,10
2024-10-11 04:41:58,10
2024-10-11 04:42:14,10
2024-10-11 04:42:39,10
2024-10-11 04:42:55,10
2024-10-11 04:43:11,10
2024-10-11 04:43:27,10
2024-10-11 04:43:40,10
2024-10-11 04:44:02,10
2024-10-11 04:44:18,10
2024-10-11 04:44:43,10
2024-10-11 04:44:58,10
2024-10-11 04:45:38,8
2024-10-11 04:45:39,8
2024-10-11 04:45:43,8
2024-10-11 04:45:47,8
2024-10-11 04:45:45,8
2024-10-11 04:45:50,8
2024-10-11 04:47:16,8
2024-10-11 04:47:31,8
2024-10-11 04:47:45,8
2024-10-11 04:48:01,8
2024-10-11 04:48:15,8
2024-10-11 04:48:49,8
2024-10-11 04:49:04,8
2024-10-11 04:49:18,8
2024-10-11 04:49:31,8
2024-10-11 04:49:47,8
2024-10-11 04:50:02,8
2024-10-11 04:50:24,8
2024-10-11 04:50:40,8
2024-10-11 04:50:54,8
2024-10-11 04:51:09,8
2024-10-11 04:51:24,8
2024-10-11 04:51:38,8
2024-10-11 04:51:52,8
2024-10-11 04:52:07,8
2024-10-11 04:52:31,8
2024-10-11 04:52:47,8
2024-10-11 04:53:01,8
2024-10-11 04:53:17,8
2024-10-11 04:53:32,8
2024-10-11 04:53:55,8
2024-10-11 04:54:12,8
2024-10-11 04:54:28,8
2024-10-11 04:54:52,8
2024-10-11 04:55:20,8
2024-10-11 04:55:36,8
2024-10-11 04:55:50,8
2024-10-11 04:56:17,8
2024-10-11 04:56:31,8
2024-10-11 04:57:09,8
2024-10-11 04:57:47,8
2024-10-11 04:58:08,8
2024-10-11 04:58:23,8
2024-10-11 04:58:39,8
2024-10-11 04:58:54,8
2024-10-11 04:59:08,8
2024-10-11 04:59:22,8
2024-10-11 04:59:36,8
2024-10-11 04:59:51,8
2024-10-11 05:00:05,8
2024-10-11 05:00:20,8
2024-10-11 05:00:40,8
2024-10-11 05:00:56,8
2024-10-11 05:01:20,8
2024-10-11 05:01:35,8
2024-10-11 05:01:49,8
2024-10-11 05:02:04,8
2024-10-11 05:02:19,8
2024-10-11 05:02:34,8
2024-10-11 05:02:48,8
2024-10-11 05:03:11,8
2024-10-11 05:03:25,8
2024-10-11 05:03:38,8
2024-10-11 05:04:00,8
2024-10-11 05:04:14,8
2024-10-11 05:04:29,8
2024-10-11 05:04:44,8
2024-10-11 05:05:09,8
2024-10-11 05:05:23,8
2024-10-11 05:05:49,8
2024-10-11 05:06:03,8
2024-10-11 05:06:17,7
2024-10-11 05:06:31,7
2024-10-11 05:06:44,7
2024-10-11 05:06:58,7
2024-10-11 05:07:19,7
2024-10-11 05:07:32,7
2024-10-11 05:07:45,7
2024-10-11 05:08:08,7
2024-10-11 05:08:21,7
2024-10-11 05:08:34,7
2024-10-11 05:08:47,7
2024-10-11 05:09:01,7
2024-10-11 05:09:31,7
2024-10-11 05:09:45,7
2024-10-11 05:10:06,7
2024-10-11 05:10:27,7
2024-10-11 05:10:39,7
2024-10-11 05:10:52,7
2024-10-11 05:11:05,7
2024-10-11 05:11:29,7
2024-10-11 05:11:55,7
2024-10-11 05:12:07,7
2024-10-11 05:12:20,7
2024-10-11 05:12:33,7
2024-10-11 05:12:56,7
2024-10-11 05:13:09,7
2024-10-11 05:13:24,7
2024-10-11 05:14:29,7
2024-10-11 05:14:49,7
2024-10-11 05:15:07,7
2024-10-11 05:15:30,7
2024-10-11 05:15:43,7
2024-10-11 05:16:06,7
2024-10-11 05:16:20,7
2024-10-11 05:16:42,7
2024-10-11 05:17:08,7
2024-10-11 05:17:21,7
2024-10-11 05:17:34,7
2024-10-11 05:17:58,7
2024-10-11 05:18:11,7
2024-10-11 05:18:37,7
2024-10-11 05:18:58,7
2024-10-11 05:19:12,7
2024-10-11 05:19:24,7
2024-10-11 05:20:01,7
2024-10-11 05:20:16,7
2024-10-11 05:20:34,7
2024-10-11 05:21:26,7
2024-10-11 05:21:53,7
2024-10-11 05:22:07,7
2024-10-11 05:22:29,7
2024-10-11 05:22:41,7
2024-10-11 05:24:01,7
2024-10-11 05:24:35,7
2024-10-11 05:25:26,7
2024-10-11 05:25:47,7
2024-10-11 05:26:02,7
2024-10-11 05:26:15,7
2024-10-11 05:26:41,7
2024-10-11 05:27:05,7
2024-10-11 05:27:45,7
2024-10-11 05:27:59,7
2024-10-11 05:28:14,7
2024-10-11 05:28:28,7
2024-10-11 05:28:43,7
2024-10-11 05:28:57,7
2024-10-11 05:29:23,7
2024-10-11 05:29:38,7
2024-10-11 05:30:34,7
2024-10-11 05:30:48,7
2024-10-11 05:31:02,7
2024-10-11 05:31:24,7
2024-10-11 05:31:37,7
2024-10-11 05:32:05,7
2024-10-11 05:33:05,7
2024-10-11 05:33:53,7
2024-10-11 05:35:10,7
2024-10-11 05:36:16,7
2024-10-11 05:36:30,7
2024-10-11 05:37:01,7
2024-10-11 05:38:43,7
2024-10-11 05:39:08,7
2024-10-11 05:39:34,7
2024-10-11 05:39:48,7
2024-10-11 05:40:02,7
2024-10-11 05:40:15,7
2024-10-11 05:40:52,7
2024-10-11 05:41:06,7
2024-10-11 05:41:30,7
2024-10-11 05:41:44,7
2024-10-11 05:41:59,7
2024-10-11 05:42:10,7
2024-10-11 05:42:36,7
2024-10-11 05:42:47,7
2024-10-11 05:43:01,7
2024-10-11 05:43:15,7
2024-10-11 05:43:39,7
2024-10-11 05:43:54,7
2024-10-11 05:44:13,7
2024-10-11 05:44:30,7
2024-10-11 05:45:07,7
2024-10-11 05:45:44,7
2024-10-11 05:46:04,7
2024-10-11 05:46:20,7
2024-10-11 05:46:35,7
2024-10-11 05:47:05,7
2024-10-11 05:47:31,7
2024-10-11 05:47:56,7
2024-10-11 05:48:38,7
2024-10-11 05:48:55,7
2024-10-11 05:49:42,7
2024-10-11 05:49:59,7
2024-10-11 05:50:28,7
2024-10-11 05:51:30,7
2024-10-11 05:51:47,7
2024-10-11 05:52:03,7
2024-10-11 05:52:19,7
2024-10-11 05:52:35,7
2024-10-11 05:53:01,7
2024-10-11 05:53:17,7
2024-10-11 05:53:34,7
2024-10-11 05:54:49,7
2024-10-11 05:55:17,7
2024-10-11 05:56:08,7
2024-10-11 05:57:21,7
2024-10-11 05:57:38,7
2024-10-11 05:58:06,7
2024-10-11 05:59:17,7
2024-10-11 05:59:32,7
2024-10-11 05:59:49,7
2024-10-11 06:00:05,7
2024-10-11 06:01:00,7
2024-10-11 06:01:54,7
2024-10-11 06:02:09,7
2024-10-11 06:02:48,7
2024-10-11 06:03:48,7
2024-10-11 06:04:59,7
2024-10-11 06:05:14,7
2024-10-11 06:05:52,7
2024-10-11 06:06:07,7
2024-10-11 06:06:24,7
2024-10-11 06:06:39,7
2024-10-11 06:08:12,7
2024-10-11 06:09:01,7
2024-10-11 06:09:17,7
2024-10-11 06:09:56,7
2024-10-11 06:10:10,7
2024-10-11 06:11:01,7
2024-10-11 06:11:17,7
2024-10-11 06:11:46,7
2024-10-11 06:13:03,7
2024-10-11 06:13:18,7
2024-10-11 06:13:47,7
2024-10-11 06:14:10,7
2024-10-11 06:14:37,7
2024-10-11 06:15:02,7
2024-10-11 06:15:25,7
2024-10-11 06:15:40,7
2024-10-11 06:15:53,7
2024-10-11 06:16:07,7
2024-10-11 06:16:23,7
2024-10-11 06:16:47,7
2024-10-11 06:17:02,7
2024-10-11 06:17:24,7
2024-10-11 06:17:50,7
2024-10-11 06:18:06,7
2024-10-11 06:18:31,7
2024-10-11 06:19:03,7
2024-10-11 06:19:19,7
2024-10-11 06:19:32,7
2024-10-11 06:20:10,7
2024-10-11 06:20:41,7
2024-10-11 06:21:03,7
2024-10-11 06:21:18,7
2024-10-11 06:21:34,7
2024-10-11 06:21:49,7
2024-10-11 06:22:04,7
2024-10-11 06:22:19,7
2024-10-11 06:22:34,7
2024-10-11 06:22:49,7
2024-10-11 06:23:04,7
2024-10-11 06:23:27,7
2024-10-11 06:23:43,7
2024-10-11 06:24:04,7
2024-10-11 06:24:39,7
2024-10-11 06:24:53,7
2024-10-11 06:25:15,7
2024-10-11 06:25:40,7
2024-10-11 06:25:55,7
2024-10-11 06:26:11,7
2024-10-11 06:26:36,7
2024-10-11 06:26:52,7
2024-10-11 06:27:08,7
2024-10-11 06:27:31,7
2024-10-11 06:27:47,7
2024-10-11 06:28:02,7
2024-10-11 06:28:36,7
2024-10-11 06:28:51,7
2024-10-11 06:29:23,7
2024-10-11 06:30:09,7
2024-10-11 06:30:38,7
2024-10-11 06:30:50,7
2024-10-11 06:31:24,7
2024-10-11 06:31:39,7
2024-10-11 06:31:52,7
2024-10-11 06:32:28,7
2024-10-11 06:32:43,7
2024-10-11 06:32:58,7
2024-10-11 06:33:12,7
2024-10-11 06:33:35,7
2024-10-11 06:33:57,7
2024-10-11 06:34:12,7
2024-10-11 06:34:54,7
2024-10-11 06:34:55,6
2024-10-11 06:35:09,6
2024-10-11 06:35:36,7
2024-10-11 06:36:01,7
2024-10-11 06:36:39,6
2024-10-11 06:36:43,6
2024-10-11 06:36:43,6
2024-10-11 06:36:47,6
2024-10-11 06:36:49,6
2024-10-11 06:37:12,6
2024-10-11 06:37:17,6
2024-10-11 06:37:32,6
2024-10-11 06:37:48,6
2024-10-11 06:38:03,6
2024-10-11 06:38:27,6
2024-10-11 06:38:56,6
2024-10-11 06:39:26,6
2024-10-11 06:39:50,6
2024-10-11 06:40:06,6
2024-10-11 06:40:48,6
2024-10-11 06:41:03,6
2024-10-11 06:41:19,6
2024-10-11 06:41:45,6
2024-10-11 06:42:13,6
2024-10-11 06:42:31,6
2024-10-11 06:42:55,6
2024-10-11 06:43:11,6
2024-10-11 06:43:26,6
2024-10-11 06:43:57,6
2024-10-11 06:44:42,6
2024-10-11 06:44:58,6
2024-10-11 06:45:13,6
2024-10-11 06:45:29,6
2024-10-11 06:46:05,6
2024-10-11 06:46:20,6
2024-10-11 06:46:34,6
2024-10-11 06:46:59,6
2024-10-11 06:47:31,6
2024-10-11 06:48:01,6
2024-10-11 06:48:16,6
2024-10-11 06:48:32,6
2024-10-11 06:48:56,6
2024-10-11 06:49:21,6
2024-10-11 06:49:35,6
2024-10-11 06:50:09,6
2024-10-11 06:50:36,6
2024-10-11 06:50:51,6
2024-10-11 06:51:12,6
2024-10-11 06:51:41,6
2024-10-11 06:51:56,6
2024-10-11 06:52:12,5
2024-10-11 06:52:36,5
2024-10-11 06:52:51,5
2024-10-11 06:53:16,5
2024-10-11 06:53:41,5
2024-10-11 06:54:02,5
2024-10-11 06:54:18,5
2024-10-11 06:54:51,5
2024-10-11 06:55:04,5
2024-10-11 06:55:28,5
2024-10-11 06:55:42,5
2024-10-11 06:56:05,5
2024-10-11 06:56:30,5
2024-10-11 06:56:46,5
2024-10-11 06:57:01,5
2024-10-11 06:57:22,5
2024-10-11 06:57:45,5
2024-10-11 06:58:10,5
2024-10-11 06:58:25,5
2024-10-11 06:58:40,5
2024-10-11 06:59:06,5
2024-10-11 06:59:30,5
2024-10-11 07:00:01,5
2024-10-11 07:00:16,5
2024-10-11 07:00:38,5
2024-10-11 07:00:54,5
2024-10-11 07:01:07,5
2024-10-11 07:01:37,5
2024-10-11 07:01:52,5
2024-10-11 07:02:07,5
2024-10-11 07:02:22,5
2024-10-11 07:02:37,5
2024-10-11 07:02:52,5
2024-10-11 07:03:17,5
2024-10-11 07:03:33,5
2024-10-11 07:04:10,5
2024-10-11 07:04:32,5
2024-10-11 07:04:46,5
2024-10-11 07:05:02,5
2024-10-11 07:05:17,5
2024-10-11 07:05:33,5
2024-10-11 07:05:48,5
2024-10-11 07:06:02,5
2024-10-11 07:06:25,5
2024-10-11 07:06:40,5
2024-10-11 07:07:09,5
2024-10-11 07:07:33,5
2024-10-11 07:07:43,5
2024-10-11 07:08:09,5
2024-10-11 07:08:24,5
2024-10-11 07:08:49,5
2024-10-11 07:09:19,5
2024-10-11 07:09:44,5
2024-10-11 07:10:06,5
2024-10-11 07:10:28,5
2024-10-11 07:10:42,5
2024-10-11 07:11:08,5
2024-10-11 07:11:32,5
2024-10-11 07:11:45,5
2024-10-11 07:12:22,5
2024-10-11 07:12:37,5
2024-10-11 07:12:59,5
2024-10-11 07:13:26,5
2024-10-11 07:13:59,5
2024-10-11 07:14:14,5
2024-10-11 07:14:29,5
2024-10-11 07:14:45,5
2024-10-11 07:15:10,5
2024-10-11 07:15:26,5
2024-10-11 07:15:43,5
2024-10-11 07:15:59,5
2024-10-11 07:16:14,5
2024-10-11 07:16:40,5
2024-10-11 07:17:06,5
2024-10-11 07:17:39,5
2024-10-11 07:17:54,5
2024-10-11 07:18:18,5
2024-10-11 07:18:42,5
2024-10-11 07:19:07,5
2024-10-11 07:19:30,5
2024-10-11 07:19:46,5
2024-10-11 07:20:01,5
2024-10-11 07:20:21,5
2024-10-11 07:20:45,5
2024-10-11 07:21:00,5
2024-10-11 07:21:38,5
2024-10-11 07:21:52,5
2024-10-11 07:22:16,5
2024-10-11 07:22:41,5
2024-10-11 07:22:56,4
2024-10-11 07:23:11,5
2024-10-11 07:23:43,5
2024-10-11 07:24:04,5
2024-10-11 07:24:18,5
2024-10-11 07:24:32,5
2024-10-11 07:24:47,5
2024-10-11 07:25:02,5
2024-10-11 07:25:16,5
2024-10-11 07:25:31,5
2024-10-11 07:25:44,5
2024-10-11 07:25:59,5
2024-10-11 07:26:14,5
2024-10-11 07:26:27,5
2024-10-11 07:26:41,5
2024-10-11 07:27:05,5
2024-10-11 07:27:20,5
2024-10-11 07:27:43,5
2024-10-11 07:28:03,5
2024-10-11 07:28:24,5
2024-10-11 07:28:39,5
2024-10-11 07:29:00,5
2024-10-11 07:29:24,5
2024-10-11 07:29:39,5
2024-10-11 07:30:01,5
2024-10-11 07:30:58,5
2024-10-11 07:31:11,5
2024-10-11 07:31:36,5
2024-10-11 07:31:51,5
2024-10-11 07:32:05,5
2024-10-11 07:32:30,5
2024-10-11 07:32:53,5
2024-10-11 07:33:07,5
2024-10-11 07:33:28,5
2024-10-11 07:33:47,5
2024-10-11 07:34:03,5
2024-10-11 07:34:19,5
2024-10-11 07:34:43,5
2024-10-11 07:35:06,5
2024-10-11 07:35:22,5
2024-10-11 07:35:37,5
2024-10-11 07:35:52,5
2024-10-11 07:36:20,5
2024-10-11 07:36:45,5
2024-10-11 07:37:19,5
2024-10-11 07:37:51,5
2024-10-11 07:38:22,5
2024-10-11 07:38:38,5
2024-10-11 07:38:52,5
2024-10-11 07:39:08,5
2024-10-11 07:39:34,5
2024-10-11 07:39:59,5
2024-10-11 07:40:23,5
2024-10-11 07:40:38,5
2024-10-11 07:41:24,5
2024-10-11 07:41:39,5
2024-10-11 07:41:55,5
2024-10-11 07:42:20,5
2024-10-11 07:42:45,5
2024-10-11 07:43:00,5
2024-10-11 07:43:15,5
2024-10-11 07:43:29,5
2024-10-11 07:44:02,5
2024-10-11 07:44:26,5
2024-10-11 07:44:50,5
2024-10-11 07:45:05,5
2024-10-11 07:45:20,5
2024-10-11 07:45:35,5
2024-10-11 07:46:23,5
2024-10-11 07:46:37,5
2024-10-11 07:46:52,5
2024-10-11 07:47:14,5
2024-10-11 07:47:49,5
2024-10-11 07:48:11,5
2024-10-11 07:48:25,5
2024-10-11 07:48:42,5
2024-10-11 07:49:06,5
2024-10-11 07:49:23,5
2024-10-11 07:49:48,5
2024-10-11 07:50:23,5
2024-10-11 07:50:39,5
2024-10-11 07:51:03,5
2024-10-11 07:51:50,5
2024-10-11 07:52:16,5
2024-10-11 07:52:41,4
2024-10-11 07:53:07,4
2024-10-11 07:53:29,4
2024-10-11 07:53:48,4
2024-10-11 07:54:19,4
2024-10-11 07:54:42,4
2024-10-11 07:54:58,4
2024-10-11 07:55:13,4
2024-10-11 07:55:29,4
2024-10-11 07:55:44,4
2024-10-11 07:55:58,4
2024-10-11 07:56:13,4
2024-10-11 07:56:37,4
2024-10-11 07:57:01,4
2024-10-11 07:57:17,4
2024-10-11 07:57:41,4
2024-10-11 07:58:08,4
2024-10-11 07:58:24,4
2024-10-11 07:58:39,4
2024-10-11 07:58:55,4
2024-10-11 07:59:11,4
2024-10-11 07:59:26,4
2024-10-11 07:59:40,4
2024-10-11 07:59:57,4
2024-10-11 08:00:18,4
2024-10-11 08:00:36,4
2024-10-11 08:01:01,4
2024-10-11 08:01:28,4
2024-10-11 08:01:43,4
2024-10-11 08:02:10,4
2024-10-11 08:02:24,4
2024-10-11 08:02:39,4
2024-10-11 08:03:01,4
2024-10-11 08:03:16,4
2024-10-11 08:03:38,4
2024-10-11 08:04:02,4
2024-10-11 08:04:27,4
2024-10-11 08:04:42,4
2024-10-11 08:05:06,4
2024-10-11 08:05:29,4
2024-10-11 08:05:44,4
2024-10-11 08:06:00,4
2024-10-11 08:06:15,4
2024-10-11 08:06:38,4
2024-10-11 08:07:26,4
2024-10-11 08:07:48,4
2024-10-11 08:08:01,4
2024-10-11 08:08:17,4
2024-10-11 08:08:32,4
2024-10-11 08:08:46,4
2024-10-11 08:08:59,4
2024-10-11 08:09:14,4
2024-10-11 08:09:28,4
2024-10-11 08:09:43,4
2024-10-11 08:09:58,4
2024-10-11 08:10:18,4
2024-10-11 08:10:44,4
2024-10-11 08:10:58,4
2024-10-11 08:11:25,4
2024-10-11 08:11:39,4
2024-10-11 08:11:54,4
2024-10-11 08:12:18,4
2024-10-11 08:12:33,4
2024-10-11 08:12:47,4
2024-10-11 08:13:02,4
2024-10-11 08:13:16,4
2024-10-11 08:13:39,4
2024-10-11 08:14:04,4
2024-10-11 08:14:28,4
2024-10-11 08:14:39,4
2024-10-11 08:14:42,4
2024-10-11 08:14:53,4
2024-10-11 08:15:04,4
2024-10-11 08:15:44,4
2024-10-11 08:16:37,4
2024-10-11 08:16:40,4
2024-10-11 08:17:02,4
2024-10-11 08:16:40,4
2024-10-11 08:17:17,4
2024-10-11 08:17:34,4
2024-10-11 08:17:49,4
2024-10-11 08:18:04,4
2024-10-11 08:18:18,4
2024-10-11 08:18:32,4
2024-10-11 08:18:46,4
2024-10-11 08:19:00,4
2024-10-11 08:19:15,4
2024-10-11 08:19:38,4
2024-10-11 08:20:11,4
2024-10-11 08:20:43,4
2024-10-11 08:21:08,4
2024-10-11 08:21:21,4
2024-10-11 08:21:37,4
2024-10-11 08:21:53,4
2024-10-11 08:22:18,4
2024-10-11 08:22:33,4
2024-10-11 08:22:48,4
2024-10-11 08:23:10,4
2024-10-11 08:23:25,4
2024-10-11 08:23:48,4
2024-10-11 08:24:01,4
2024-10-11 08:24:13,4
2024-10-11 08:24:39,4
2024-10-11 08:24:53,4
2024-10-11 08:25:15,4
2024-10-11 08:25:44,4
2024-10-11 08:26:18,4
2024-10-11 08:26:44,4
2024-10-11 08:27:09,4
2024-10-11 08:27:24,4
2024-10-11 08:27:40,4
2024-10-11 08:28:12,4
2024-10-11 08:27:56,4
2024-10-11 08:28:29,4
2024-10-11 08:28:43,4
2024-10-11 08:29:11,4
2024-10-11 08:29:28,4
2024-10-11 08:29:53,4
2024-10-11 08:30:15,4
2024-10-11 08:30:31,4
2024-10-11 08:30:44,4
2024-10-11 08:30:58,4
2024-10-11 08:31:14,4
2024-10-11 08:31:38,4
2024-10-11 08:31:53,4
2024-10-11 08:32:07,4
2024-10-11 08:32:22,4
2024-10-11 08:32:34,4
2024-10-11 08:33:00,4
2024-10-11 08:33:12,4
2024-10-11 08:33:36,4
2024-10-11 08:33:59,4
2024-10-11 08:34:25,4
2024-10-11 08:34:40,4
2024-10-11 08:34:53,4
2024-10-11 08:35:20,4
2024-10-11 08:35:35,4
2024-10-11 08:35:50,4
2024-10-11 08:36:14,4
2024-10-11 08:36:27,4
2024-10-11 08:36:41,4
2024-10-11 08:37:13,4
2024-10-11 08:37:46,4
2024-10-11 08:37:57,4
2024-10-11 08:38:09,4
2024-10-11 08:38:20,4
2024-10-11 08:38:32,4
2024-10-11 08:38:51,4
2024-10-11 08:39:08,4
2024-10-11 08:39:29,4
2024-10-11 08:39:38,4
2024-10-11 08:39:48,4
2024-10-11 08:40:08,4
2024-10-11 08:40:19,4
2024-10-11 08:40:51,4
2024-10-11 08:41:16,4
2024-10-11 08:41:29,4
2024-10-11 08:41:51,4
2024-10-11 08:42:04,4
2024-10-11 08:42:17,4
2024-10-11 08:42:30,4
2024-10-11 08:42:37,4
2024-10-11 08:43:02,4
2024-10-11 08:43:15,4
2024-10-11 08:43:50,4
2024-10-11 08:44:03,4
2024-10-11 08:44:16,4
2024-10-11 08:44:31,4
2024-10-11 08:44:41,4
2024-10-11 08:44:56,4
2024-10-11 08:45:08,4
2024-10-11 08:45:21,4
2024-10-11 08:45:34,4
2024-10-11 08:45:58,4
2024-10-11 08:46:08,4
2024-10-11 08:46:23,4
2024-10-11 08:46:36,4
2024-10-11 08:46:58,4
2024-10-11 08:47:10,4
2024-10-11 08:47:23,4
2024-10-11 08:47:47,4
2024-10-11 08:47:56,4
2024-10-11 08:48:11,4
2024-10-11 08:48:26,4
2024-10-11 08:48:40,4
2024-10-11 08:48:52,4
2024-10-11 08:49:05,4
2024-10-11 08:49:19,4
2024-10-11 08:49:32,4
2024-10-11 08:49:45,4
2024-10-11 08:50:05,4
2024-10-11 08:50:19,4
2024-10-11 08:50:34,4
2024-10-11 08:50:44,4
2024-10-11 08:50:57,4
2024-10-11 08:51:07,4
2024-10-11 08:51:29,4
2024-10-11 08:51:44,4
2024-10-11 08:51:54,4
2024-10-11 08:52:09,4
2024-10-11 08:52:21,4
2024-10-11 08:52:36,4
2024-10-11 08:52:49,4
2024-10-11 08:53:03,4
2024-10-11 08:53:23,4
2024-10-11 08:53:35,4
2024-10-11 08:53:52,4
2024-10-11 08:54:07,4
2024-10-11 08:54:23,4
2024-10-11 08:54:45,4
2024-10-11 08:54:56,4
2024-10-11 08:55:11,4
2024-10-11 08:55:54,4
2024-10-11 08:56:10,4
2024-10-11 08:56:23,4
2024-10-11 08:56:46,4
2024-10-11 08:56:59,4
2024-10-11 08:57:14,4
2024-10-11 08:57:28,4
2024-10-11 08:57:41,4
2024-10-11 08:57:55,4
2024-10-11 08:58:08,4
2024-10-11 08:58:22,4
2024-10-11 08:58:35,4
2024-10-11 08:58:49,4
2024-10-11 08:59:03,4
2024-10-11 08:59:16,4
2024-10-11 08:59:29,4
2024-10-11 09:00:06,4
2024-10-11 09:00:20,4
2024-10-11 09:00:35,4
2024-10-11 09:00:48,4
2024-10-11 09:01:02,4
2024-10-11 09:01:13,4
2024-10-11 09:01:27,4
2024-10-11 09:01:39,4
2024-10-11 09:01:54,4
2024-10-11 09:02:05,4
2024-10-11 09:02:16,4
2024-10-11 09:02:35,4
2024-10-11 09:03:05,4
2024-10-11 09:03:37,4
2024-10-11 09:03:54,4
2024-10-11 09:04:06,4
2024-10-11 09:04:29,4
2024-10-11 09:04:42,4
2024-10-11 09:04:55,4
2024-10-11 09:05:05,4
2024-10-11 09:05:18,4
2024-10-11 09:05:31,4
2024-10-11 09:05:47,4
2024-10-11 09:06:00,4
2024-10-11 09:06:24,4
2024-10-11 09:07:07,4
2024-10-11 09:07:23,4
2024-10-11 09:07:35,4
2024-10-11 09:07:51,4
2024-10-11 09:08:13,4
2024-10-11 09:08:27,4
2024-10-11 09:08:59,4
2024-10-11 09:09:15,4
2024-10-11 09:09:33,4
2024-10-11 09:09:52,4
2024-10-11 09:10:10,4
2024-10-11 09:10:23,4
2024-10-11 09:10:37,4
2024-10-11 09:10:51,4
2024-10-11 09:11:19,4
2024-10-11 09:11:33,4
2024-10-11 09:11:43,4
2024-10-11 09:11:50,4
2024-10-11 09:12:07,4
2024-10-11 09:12:20,4
2024-10-11 09:12:42,4
2024-10-11 09:12:54,4
2024-10-11 09:13:13,4
2024-10-11 09:13:39,4
2024-10-11 09:13:49,4
2024-10-11 09:14:02,4
2024-10-11 09:14:14,4
2024-10-11 09:14:24,4
2024-10-11 09:14:54,4
2024-10-11 09:15:08,4
2024-10-11 09:15:21,4
2024-10-11 09:15:44,4
2024-10-11 09:15:58,4
2024-10-11 09:16:22,4
2024-10-11 09:16:43,4
2024-10-11 09:16:55,4
2024-10-11 09:17:17,4
2024-10-11 09:17:41,4
2024-10-11 09:18:05,4
2024-10-11 09:18:27,4
2024-10-11 09:18:47,4
2024-10-11 09:19:08,4
2024-10-11 09:19:29,4
2024-10-11 09:19:47,4
2024-10-11 09:20:00,4
2024-10-11 09:20:14,4
2024-10-11 09:20:32,4
2024-10-11 09:20:42,4
2024-10-11 09:20:53,4
2024-10-11 09:21:04,4
2024-10-11 09:21:13,4
2024-10-11 09:21:21,4
2024-10-11 09:21:41,4
2024-10-11 09:22:00,4
2024-10-11 09:22:11,4
2024-10-11 09:22:22,4
2024-10-11 09:22:42,4
2024-10-11 09:23:08,4
2024-10-11 09:23:18,4
2024-10-11 09:23:28,4
2024-10-11 09:23:38,4
2024-10-11 09:23:48,4
2024-10-11 09:23:59,4
2024-10-11 09:24:10,4
2024-10-11 09:24:20,4
2024-10-11 09:24:39,4
2024-10-11 09:24:50,4
2024-10-11 09:24:59,4
2024-10-11 09:25:09,4
2024-10-11 09:25:17,4
2024-10-11 09:25:37,4
2024-10-11 09:25:47,4
2024-10-11 09:26:06,4
2024-10-11 09:26:25,4
2024-10-11 09:26:43,4
2024-10-11 09:26:53,4
2024-10-11 09:27:03,4
2024-10-11 09:27:34,4
2024-10-11 09:27:46,4
2024-10-11 09:27:56,4
2024-10-11 09:28:13,4
2024-10-11 09:28:23,4
2024-10-11 09:28:40,4
2024-10-11 09:28:49,4
2024-10-11 09:28:59,4
2024-10-11 09:29:22,4
2024-10-11 09:29:31,4
2024-10-11 09:29:48,4
2024-10-11 09:30:08,4
2024-10-11 09:30:17,4
2024-10-11 09:30:29,4
2024-10-11 09:30:49,4
2024-10-11 09:30:59,4
2024-10-11 09:31:18,4
2024-10-11 09:31:29,4
2024-10-11 09:31:40,4
2024-10-11 09:31:59,4
2024-10-11 09:32:21,4
2024-10-11 09:32:31,4
2024-10-11 09:32:41,4
2024-10-11 09:32:57,4
2024-10-11 09:33:14,4
2024-10-11 09:33:24,4
2024-10-11 09:33:44,4
2024-10-11 09:33:55,4
2024-10-11 09:34:06,4
2024-10-11 09:34:26,4
2024-10-11 09:34:36,4
2024-10-11 09:34:45,4
2024-10-11 09:35:06,4
2024-10-11 09:35:14,4
2024-10-11 09:35:36,4
2024-10-11 09:35:47,4
2024-10-11 09:35:58,4
2024-10-11 09:36:22,4
2024-10-11 09:36:33,4
2024-10-11 09:36:43,4
2024-10-11 09:37:12,4
2024-10-11 09:37:23,4
2024-10-11 09:37:41,4
2024-10-11 09:37:51,4
2024-10-11 09:38:07,4
2024-10-11 09:38:16,4
2024-10-11 09:38:36,4
2024-10-11 09:38:46,4
2024-10-11 09:39:05,4
2024-10-11 09:39:15,4
2024-10-11 09:39:40,4
2024-10-11 09:40:00,4
2024-10-11 09:40:19,4
2024-10-11 09:40:29,4
2024-10-11 09:40:47,4
2024-10-11 09:40:57,4
2024-10-11 09:41:07,4
2024-10-11 09:41:17,4
2024-10-11 09:41:46,4
2024-10-11 09:41:57,4
2024-10-11 09:42:17,4
2024-10-11 09:42:28,4
2024-10-11 09:42:38,4
2024-10-11 09:43:03,4
2024-10-11 09:43:13,4
2024-10-11 09:43:28,4
2024-10-11 09:43:49,4
2024-10-11 09:43:59,4
2024-10-11 09:44:18,4
2024-10-11 09:44:28,4
2024-10-11 09:44:47,4
2024-10-11 09:44:58,4
2024-10-11 09:45:07,4
2024-10-11 09:45:18,4
2024-10-11 09:45:26,4
2024-10-11 09:45:47,4
2024-10-11 09:46:06,4
2024-10-11 09:46:22,4
2024-10-11 09:46:34,4
2024-10-11 09:46:44,4
2024-10-11 09:46:54,4
2024-10-11 09:47:14,4
2024-10-11 09:47:25,4
2024-10-11 09:47:36,4
2024-10-11 09:47:46,4
2024-10-11 09:47:54,4
2024-10-11 09:48:19,4
2024-10-11 09:48:31,4
2024-10-11 09:48:42,4
2024-10-11 09:48:52,4
2024-10-11 09:49:01,4
2024-10-11 09:49:21,4
2024-10-11 09:49:45,4
2024-10-11 09:49:54,4
2024-10-11 09:50:13,4
2024-10-11 09:50:23,4
2024-10-11 09:50:33,4
2024-10-11 09:50:43,4
2024-10-11 09:51:11,4
2024-10-11 09:51:20,4
2024-10-11 09:51:49,4
2024-10-11 09:52:08,4
2024-10-11 09:52:26,4
2024-10-11 09:52:36,4
2024-10-11 09:53:01,4
2024-10-11 09:53:10,4
2024-10-11 09:53:20,4
2024-10-11 09:53:32,4
2024-10-11 09:53:40,4
2024-10-11 09:53:51,4
2024-10-11 09:54:00,4
2024-10-11 09:54:10,4
2024-10-11 09:54:20,4
2024-10-11 09:54:30,4
2024-10-11 09:54:40,4
2024-10-11 09:54:50,4
2024-10-11 09:55:00,4
2024-10-11 09:55:13,4
2024-10-11 09:55:27,4
2024-10-11 09:55:38,4
2024-10-11 09:55:58,4
2024-10-11 09:56:23,4
2024-10-11 09:56:40,4
2024-10-11 09:56:51,4
2024-10-11 09:57:00,4
2024-10-11 09:57:10,4
2024-10-11 09:57:20,4
2024-10-11 09:57:30,4
2024-10-11 09:57:39,4
2024-10-11 09:57:49,4
2024-10-11 09:57:59,4
2024-10-11 09:58:10,4
2024-10-11 09:58:19,4
2024-10-11 09:58:29,4
2024-10-11 09:58:39,4
2024-10-11 09:58:49,4
2024-10-11 09:58:56,4
2024-10-11 09:59:05,4
2024-10-11 09:59:23,4
2024-10-11 09:59:40,4
2024-10-11 09:59:49,4
2024-10-11 10:00:18,4
2024-10-11 10:00:27,4
2024-10-11 10:00:37,4
2024-10-11 10:00:47,4
2024-10-11 10:00:56,4
2024-10-11 10:01:06,4
2024-10-11 10:01:16,4
2024-10-11 10:01:26,4
2024-10-11 10:01:37,4
2024-10-11 10:01:46,4
2024-10-11 10:01:55,4
2024-10-11 10:02:05,4
2024-10-11 10:02:15,4
2024-10-11 10:02:24,4
2024-10-11 10:02:34,4
2024-10-11 10:03:01,4
2024-10-11 10:03:11,4
2024-10-11 10:03:20,4
2024-10-11 10:03:29,4
2024-10-11 10:03:48,4
2024-10-11 10:04:16,4
2024-10-11 10:04:26,4
2024-10-11 10:04:34,4
2024-10-11 10:04:52,4
2024-10-11 10:05:00,4
2024-10-11 10:05:28,4
2024-10-11 10:05:38,4
2024-10-11 10:05:49,4
2024-10-11 10:06:06,4
2024-10-11 10:06:34,4
2024-10-11 10:06:45,4
2024-10-11 10:06:55,4
2024-10-11 10:07:03,4
2024-10-11 10:07:24,4
2024-10-11 10:07:44,4
2024-10-11 10:07:56,4
2024-10-11 10:08:07,4
2024-10-11 10:08:16,4
2024-10-11 10:08:29,4
2024-10-11 10:08:40,4
2024-10-11 10:09:01,4
2024-10-11 10:09:13,4
2024-10-11 10:09:26,4
2024-10-11 10:09:52,4
2024-10-11 10:10:09,4
2024-10-11 10:10:18,4
2024-10-11 10:10:40,4
2024-10-11 10:10:53,4
2024-10-11 10:11:11,4
2024-10-11 10:11:21,4
2024-10-11 10:11:50,4
2024-10-11 10:12:10,4
2024-10-11 10:12:20,4
2024-10-11 10:12:30,4
2024-10-11 10:12:57,4
2024-10-11 10:13:07,4
2024-10-11 10:13:18,4
2024-10-11 10:13:37,4
2024-10-11 10:13:48,4
2024-10-11 10:13:58,4
2024-10-11 10:14:18,4
2024-10-11 10:14:28,4
2024-10-11 10:14:38,4
2024-10-11 10:14:48,4
2024-10-11 10:14:59,4
2024-10-11 10:15:16,4
2024-10-11 10:15:35,4
2024-10-11 10:15:43,4
2024-10-11 10:15:53,4
2024-10-11 10:16:29,4
2024-10-11 10:16:38,4
2024-10-11 10:16:48,4
2024-10-11 10:16:58,4
2024-10-11 10:17:17,4
2024-10-11 10:17:26,4
2024-10-11 10:17:38,4
2024-10-11 10:17:48,4
2024-10-11 10:18:00,4
2024-10-11 10:18:13,4
2024-10-11 10:18:19,4
2024-10-11 10:18:31,4
2024-10-11 10:18:52,4
2024-10-11 10:19:08,4
2024-10-11 10:19:28,4
2024-10-11 10:19:36,4
2024-10-11 10:19:54,4
2024-10-11 10:20:05,4
2024-10-11 10:20:24,4
2024-10-11 10:20:33,4
2024-10-11 10:20:52,4
2024-10-11 10:21:02,4
2024-10-11 10:21:22,4
2024-10-11 10:21:41,4
2024-10-11 10:21:51,4
2024-10-11 10:22:11,4
2024-10-11 10:22:20,4
2024-10-11 10:22:48,4
2024-10-11 10:22:59,4
2024-10-11 10:23:28,4
2024-10-11 10:23:40,4
2024-10-11 10:23:51,4
2024-10-11 10:24:11,4
2024-10-11 10:24:23,4
2024-10-11 10:24:33,4
2024-10-11 10:24:43,4
2024-10-11 10:24:53,4
2024-10-11 10:25:04,4
2024-10-11 10:25:12,4
2024-10-11 10:25:24,4
2024-10-11 10:25:35,4
2024-10-11 10:25:45,4
2024-10-11 10:26:27,4
2024-10-11 10:26:36,4
2024-10-11 10:26:58,4
2024-10-11 10:27:18,4
2024-10-11 10:27:28,4
2024-10-11 10:27:37,4
2024-10-11 10:27:48,4
2024-10-11 10:27:58,4
2024-10-11 10:28:09,4
2024-10-11 10:28:19,4
2024-10-11 10:28:39,4
2024-10-11 10:28:49,4
2024-10-11 10:28:59,4
2024-10-11 10:29:09,4
2024-10-11 10:29:26,4
2024-10-11 10:29:36,4
2024-10-11 10:29:59,4
2024-10-11 10:30:18,4
2024-10-11 10:30:27,4
2024-10-11 10:30:38,4
2024-10-11 10:30:49,4
2024-10-11 10:31:06,4
2024-10-11 10:31:18,4
2024-10-11 10:31:25,4
2024-10-11 10:31:37,4
2024-10-11 10:31:47,4
2024-10-11 10:32:06,4
2024-10-11 10:32:26,4
2024-10-11 10:32:44,4
2024-10-11 10:33:12,4
2024-10-11 10:33:22,4
2024-10-11 10:33:43,4
2024-10-11 10:33:54,4
2024-10-11 10:34:05,4
2024-10-11 10:34:16,4
2024-10-11 10:34:27,4
2024-10-11 10:34:38,4
2024-10-11 10:34:49,4
2024-10-11 10:35:00,4
2024-10-11 10:35:10,4
2024-10-11 10:35:32,4
2024-10-11 10:35:43,4
2024-10-11 10:35:54,4
2024-10-11 10:36:04,4
2024-10-11 10:36:33,4
2024-10-11 10:36:53,4
2024-10-11 10:37:03,4
2024-10-11 10:37:14,4
2024-10-11 10:37:24,4
2024-10-11 10:38:03,4
2024-10-11 10:38:36,4
2024-10-11 10:38:53,4
2024-10-11 10:39:04,4
2024-10-11 10:39:14,4
2024-10-11 10:39:24,4
2024-10-11 10:39:34,4
2024-10-11 10:39:53,4
2024-10-11 10:40:04,4
2024-10-11 10:40:11,4
2024-10-11 10:40:32,4
2024-10-11 10:40:41,4
2024-10-11 10:40:53,4
2024-10-11 10:41:03,4
2024-10-11 10:41:13,4
2024-10-11 10:41:33,4
2024-10-11 10:41:45,4
2024-10-11 10:42:04,4
2024-10-11 10:42:15,4
2024-10-11 10:42:25,4
2024-10-11 10:42:44,4
2024-10-11 10:43:05,4
2024-10-11 10:43:21,4
2024-10-11 10:43:33,4
2024-10-11 10:43:42,4
2024-10-11 10:43:58,4
2024-10-11 10:44:07,4
2024-10-11 10:44:25,4
2024-10-11 10:44:33,4
2024-10-11 10:44:44,4
2024-10-11 10:44:54,4
2024-10-11 10:45:04,4
2024-10-11 10:45:14,4
2024-10-11 10:45:35,4
2024-10-11 10:45:45,4
2024-10-11 10:46:06,4
2024-10-11 10:46:17,4
2024-10-11 10:46:36,4
2024-10-11 10:46:46,4
2024-10-11 10:46:58,4
2024-10-11 10:47:08,4
2024-10-11 10:47:18,4
2024-10-11 10:47:40,4
2024-10-11 10:47:51,4
2024-10-11 10:48:02,4
2024-10-11 10:48:12,4
2024-10-11 10:48:24,4
2024-10-11 10:48:45,4
2024-10-11 10:48:56,4
2024-10-11 10:49:06,4
2024-10-11 10:49:17,4
2024-10-11 10:49:27,4
2024-10-11 10:49:39,4
2024-10-11 10:49:57,4
2024-10-11 10:50:09,4
2024-10-11 10:50:20,4
2024-10-11 10:50:45,4
2024-10-11 10:51:05,4
2024-10-11 10:51:16,4
2024-10-11 10:51:28,4
2024-10-11 10:51:39,4
2024-10-11 10:51:50,4
2024-10-11 10:52:08,4
2024-10-11 10:52:32,4
2024-10-11 10:52:43,4
2024-10-11 10:52:54,4
2024-10-11 10:53:21,4
2024-10-11 10:53:32,4
2024-10-11 10:53:43,4
2024-10-11 10:54:04,4
2024-10-11 10:54:14,4
2024-10-11 10:54:25,4
2024-10-11 10:54:47,4
2024-10-11 10:54:59,4
2024-10-11 10:55:08,4
2024-10-11 10:55:30,4
2024-10-11 10:55:51,4
2024-10-11 10:56:03,4
2024-10-11 10:56:24,4
2024-10-11 10:56:53,4
2024-10-11 10:57:04,4
2024-10-11 10:57:47,4
2024-10-11 10:57:56,4
2024-10-11 10:58:08,4
2024-10-11 10:58:17,4
2024-10-11 10:58:28,4
2024-10-11 10:58:40,4
2024-10-11 10:58:48,4
2024-10-11 10:57:23,4
2024-10-11 10:59:11,4
2024-10-11 10:59:43,4
2024-10-11 11:00:12,4
2024-10-11 11:00:21,4
2024-10-11 11:00:43,4
2024-10-11 11:01:15,4
2024-10-11 11:01:26,4
2024-10-11 11:01:38,4
2024-10-11 11:02:01,4
2024-10-11 11:02:32,4
2024-10-11 11:02:44,4
2024-10-11 11:02:54,4
2024-10-11 11:03:27,4
2024-10-11 11:04:04,4
2024-10-11 11:04:24,4
2024-10-11 11:04:35,4
2024-10-11 11:04:47,4
2024-10-11 11:05:08,4
2024-10-11 11:05:19,4
2024-10-11 11:05:30,4
2024-10-11 11:05:41,4
2024-10-11 11:06:03,4
2024-10-11 11:06:24,4
2024-10-11 11:06:42,4
2024-10-11 11:06:53,4
2024-10-11 11:07:03,4
2024-10-11 11:07:15,4
2024-10-11 11:07:24,4
2024-10-11 11:07:37,4
2024-10-11 11:07:49,4
2024-10-11 11:08:09,4
2024-10-11 11:08:31,4
2024-10-11 11:08:51,4
2024-10-11 11:09:15,4
2024-10-11 11:09:25,4
2024-10-11 11:09:36,4
2024-10-11 11:10:03,4
2024-10-11 11:10:15,4
2024-10-11 11:10:26,4
2024-10-11 11:10:37,4
2024-10-11 11:10:48,4
2024-10-11 11:11:07,4
2024-10-11 11:11:16,4
2024-10-11 11:11:26,4
2024-10-11 11:11:33,4
2024-10-11 11:11:40,4
2024-10-11 11:12:10,4
2024-10-11 11:12:20,4
2024-10-11 11:12:29,4
2024-10-11 11:12:37,4
2024-10-11 11:12:46,4
2024-10-11 11:12:55,4
2024-10-11 11:13:03,4
2024-10-11 11:13:14,4
2024-10-11 11:13:28,4
2024-10-11 11:13:48,4
2024-10-11 11:14:18,3
2024-10-11 11:14:26,3
2024-10-11 11:14:35,4
2024-10-11 11:14:46,4
2024-10-11 11:14:54,4
2024-10-11 11:15:03,4
2024-10-11 11:15:11,4
2024-10-11 11:15:20,4
2024-10-11 11:15:28,4
2024-10-11 11:15:45,4
2024-10-11 11:15:54,4
2024-10-11 11:16:11,4
2024-10-11 11:16:31,4
2024-10-11 11:17:06,4
2024-10-11 11:17:24,4
2024-10-11 11:18:00,4
2024-10-11 11:18:30,4
2024-10-11 11:18:39,4
2024-10-11 11:19:16,4
2024-10-11 11:19:32,4
2024-10-11 11:19:45,4
2024-10-11 11:20:12,4
2024-10-11 11:20:21,4
2024-10-11 11:20:31,4
2024-10-11 11:20:52,4
2024-10-11 11:21:03,4
2024-10-11 11:21:14,4
2024-10-11 11:21:22,4
2024-10-11 11:21:54,4
2024-10-11 11:22:03,4
2024-10-11 11:23:01,4
2024-10-11 11:23:08,4
2024-10-11 11:23:59,4
2024-10-11 11:24:25,4
2024-10-11 11:24:36,4
2024-10-11 11:24:56,4
2024-10-11 11:25:20,4
2024-10-11 11:25:46,4
2024-10-11 11:26:17,4
2024-10-11 11:26:26,4
2024-10-11 11:26:40,4
2024-10-11 11:26:56,4
2024-10-11 11:27:08,4
2024-10-11 11:27:16,4
2024-10-11 11:27:26,4
2024-10-11 11:27:44,4
2024-10-11 11:28:01,4
2024-10-11 11:28:11,4
2024-10-11 11:28:45,4
2024-10-11 11:29:03,4
2024-10-11 11:29:30,4
2024-10-11 11:29:50,4
2024-10-11 11:29:58,4
2024-10-11 11:30:30,4
2024-10-11 11:30:48,4
2024-10-11 11:31:04,4
2024-10-11 11:31:14,4
2024-10-11 11:31:33,4
2024-10-11 11:31:41,4
2024-10-11 11:31:50,4
2024-10-11 11:32:06,4
2024-10-11 11:32:13,4
2024-10-11 11:32:36,5
2024-10-11 11:32:51,4
2024-10-11 11:33:54,4
2024-10-11 11:34:13,4
2024-10-11 11:34:32,4
2024-10-11 11:34:47,4
2024-10-11 11:35:13,4
2024-10-11 11:35:31,4
2024-10-11 11:35:43,4
2024-10-11 11:35:55,4
2024-10-11 11:36:03,4
2024-10-11 11:36:17,4
2024-10-11 11:37:00,4
2024-10-11 11:37:11,4
2024-10-11 11:37:30,4
2024-10-11 11:37:42,4
2024-10-11 11:37:54,4
2024-10-11 11:38:04,4
2024-10-11 11:38:20,4
2024-10-11 11:38:31,4
2024-10-11 11:38:38,4
2024-10-11 11:39:06,4
2024-10-11 11:39:26,4
2024-10-11 11:39:32,4
2024-10-11 11:40:00,4
2024-10-11 11:40:24,4
2024-10-11 11:40:37,4
2024-10-11 11:40:47,4
2024-10-11 11:41:08,4
2024-10-11 11:41:44,4
2024-10-11 11:42:15,4
2024-10-11 11:42:26,4
2024-10-11 11:42:43,4
2024-10-11 11:43:03,4
2024-10-11 11:43:14,4
2024-10-11 11:43:44,4
2024-10-11 11:44:15,4
2024-10-11 11:44:31,4
2024-10-11 11:44:44,4
2024-10-11 11:45:00,4
2024-10-11 11:45:22,4
2024-10-11 11:45:33,4
2024-10-11 11:45:54,4
2024-10-11 11:46:15,4
2024-10-11 11:46:35,4
2024-10-11 11:46:53,4
2024-10-11 11:47:42,4
2024-10-11 11:48:11,4
2024-10-11 11:48:34,4
2024-10-11 11:48:45,4
2024-10-11 11:48:44,3
2024-10-11 11:50:08,3
2024-10-11 11:50:10,3
2024-10-11 11:50:38,3
2024-10-11 11:50:59,3
2024-10-11 11:51:10,3
2024-10-11 11:51:20,3
2024-10-11 11:51:39,3
2024-10-11 11:52:00,3
2024-10-11 11:52:19,3
2024-10-11 11:52:30,3
2024-10-11 11:52:41,3
2024-10-11 11:52:52,3
2024-10-11 11:53:12,3
2024-10-11 11:53:50,3
2024-10-11 11:54:00,3
2024-10-11 11:54:24,3
2024-10-11 11:54:34,3
2024-10-11 11:54:46,3
2024-10-11 11:55:10,3
2024-10-11 11:55:21,3
2024-10-11 11:55:37,3
2024-10-11 11:55:56,3
2024-10-11 11:56:07,3
2024-10-11 11:56:18,3
2024-10-11 11:56:29,3
2024-10-11 11:56:57,3
2024-10-11 11:57:08,3
2024-10-11 11:57:28,3
2024-10-11 11:57:45,3
2024-10-11 11:58:04,3
2024-10-11 11:58:15,3
2024-10-11 11:58:35,3
2024-10-11 11:58:45,3
2024-10-11 11:58:55,3
2024-10-11 11:59:15,3
2024-10-11 11:59:35,3
2024-10-11 11:59:45,3
2024-10-11 11:59:56,3
2024-10-11 12:00:21,3
2024-10-11 12:00:35,3
2024-10-11 12:00:45,3
2024-10-11 12:00:56,3
2024-10-11 12:01:06,3
2024-10-11 12:01:14,3
2024-10-11 12:01:34,3
2024-10-11 12:01:43,3
2024-10-11 12:01:54,3
2024-10-11 12:02:05,3
2024-10-11 12:02:15,3
2024-10-11 12:02:26,3
2024-10-11 12:02:38,3
2024-10-11 12:02:49,3
2024-10-11 12:02:57,3
2024-10-11 12:03:07,3
2024-10-11 12:03:19,3
2024-10-11 12:03:47,3
2024-10-11 12:03:57,3
2024-10-11 12:04:08,3
2024-10-11 12:04:19,3
2024-10-11 12:04:49,3
2024-10-11 12:05:00,3
2024-10-11 12:05:18,3
2024-10-11 12:05:30,3
2024-10-11 12:05:48,3
2024-10-11 12:05:58,3
2024-10-11 12:06:17,3
2024-10-11 12:06:38,3
2024-10-11 12:06:58,3
2024-10-11 12:07:17,3
2024-10-11 12:07:27,3
2024-10-11 12:07:47,3
2024-10-11 12:08:07,3
2024-10-11 12:08:18,3
2024-10-11 12:08:28,3
2024-10-11 12:08:36,3
2024-10-11 12:08:46,3
2024-10-11 12:08:56,3
2024-10-11 12:09:07,3
2024-10-11 12:09:17,3
2024-10-11 12:09:28,3
2024-10-11 12:10:07,3
2024-10-11 12:10:18,3
2024-10-11 12:10:33,3
2024-10-11 12:11:00,3
2024-10-11 12:11:12,3
2024-10-11 12:11:31,3
2024-10-11 12:11:39,3
2024-10-11 12:11:51,3
2024-10-11 12:12:02,3
2024-10-11 12:12:21,3
2024-10-11 12:12:30,3
2024-10-11 12:12:51,3
2024-10-11 12:13:00,3
2024-10-11 12:13:20,3
2024-10-11 12:13:48,3
2024-10-11 12:14:00,3
2024-10-11 12:14:10,3
2024-10-11 12:14:21,3
2024-10-11 12:14:32,3
2024-10-11 12:14:42,3
2024-10-11 12:15:02,3
2024-10-11 12:15:13,3
2024-10-11 12:15:24,3
2024-10-11 12:15:34,3
2024-10-11 12:15:51,3
2024-10-11 12:16:07,3
2024-10-11 12:16:21,3
2024-10-11 12:16:29,3
2024-10-11 12:16:48,3
2024-10-11 12:17:07,3
2024-10-11 12:17:28,3
2024-10-11 12:17:39,3
2024-10-11 12:18:05,3
2024-10-11 12:18:17,3
2024-10-11 12:18:28,3
2024-10-11 12:18:52,3
2024-10-11 12:19:03,3
2024-10-11 12:19:14,3
2024-10-11 12:19:24,3
2024-10-11 12:19:46,3
2024-10-11 12:20:23,3
2024-10-11 12:20:33,3
2024-10-11 12:20:43,3
2024-10-11 12:20:56,3
2024-10-11 12:21:12,3
2024-10-11 12:21:24,3
2024-10-11 12:21:36,3
2024-10-11 12:21:46,3
2024-10-11 12:21:57,3
2024-10-11 12:22:17,3
2024-10-11 12:22:27,3
2024-10-11 12:22:47,3
2024-10-11 12:23:08,3
2024-10-11 12:23:26,3
2024-10-11 12:23:45,3
2024-10-11 12:24:08,3
2024-10-11 12:24:31,4
2024-10-11 12:24:44,4
2024-10-11 12:23:55,3
2024-10-11 12:25:06,4
2024-10-11 12:25:41,4
2024-10-11 12:25:51,4
2024-10-11 12:26:03,4
2024-10-11 12:26:14,4
2024-10-11 12:26:25,4
2024-10-11 12:26:36,4
2024-10-11 12:26:47,4
2024-10-11 12:27:09,4
2024-10-11 12:27:22,4
2024-10-11 12:27:35,4
2024-10-11 12:27:47,4
2024-10-11 12:28:02,4
2024-10-11 12:28:18,4
2024-10-11 12:28:33,4
2024-10-11 12:28:46,4
2024-10-11 12:29:01,4
2024-10-11 12:29:16,4
2024-10-11 12:29:42,4
2024-10-11 12:30:00,4
2024-10-11 12:30:22,4
2024-10-11 12:30:36,4
2024-10-11 12:30:51,4
2024-10-11 12:31:06,4
2024-10-11 12:31:17,4
2024-10-11 12:31:31,4
2024-10-11 12:31:46,4
2024-10-11 12:32:00,4
2024-10-11 12:32:25,4
2024-10-11 12:32:41,4
2024-10-11 12:32:57,4
2024-10-11 12:33:11,4
2024-10-11 12:33:33,4
2024-10-11 12:34:00,4
2024-10-11 12:34:14,4
2024-10-11 12:34:26,4
2024-10-11 12:34:41,4
2024-10-11 12:34:55,4
2024-10-11 12:35:13,4
2024-10-11 12:35:25,4
2024-10-11 12:35:41,4
2024-10-11 12:35:55,4
2024-10-11 12:36:10,4
2024-10-11 12:36:25,4
2024-10-11 12:36:40,4
2024-10-11 12:37:03,4
2024-10-11 12:37:19,4
2024-10-11 12:37:45,4
2024-10-11 12:38:01,4
2024-10-11 12:38:17,4
2024-10-11 12:38:32,4
2024-10-11 12:38:47,4
2024-10-11 12:39:04,4
2024-10-11 12:39:20,4
2024-10-11 12:39:30,4
2024-10-11 12:39:46,4
2024-10-11 12:40:10,4
2024-10-11 12:40:24,4
2024-10-11 12:40:39,4
2024-10-11 12:40:54,4
2024-10-11 12:41:10,4
2024-10-11 12:41:25,4
2024-10-11 12:41:52,4
2024-10-11 12:42:09,4
2024-10-11 12:42:25,4
2024-10-11 12:42:40,4
2024-10-11 12:42:54,4
2024-10-11 12:43:10,4
2024-10-11 12:43:30,4
2024-10-11 12:43:58,4
2024-10-11 12:44:15,4
2024-10-11 12:44:31,4
2024-10-11 12:44:47,4
2024-10-11 12:45:02,4
2024-10-11 12:45:16,4
2024-10-11 12:45:31,4
2024-10-11 12:45:47,4
2024-10-11 12:46:12,4
2024-10-11 12:46:30,4
2024-10-11 12:47:01,4
2024-10-11 12:47:17,4
2024-10-11 12:47:33,4
2024-10-11 12:47:48,4
2024-10-11 12:48:05,4
2024-10-11 12:48:17,4
2024-10-11 12:48:32,4
2024-10-11 12:48:48,163
2024-10-11 12:49:04,177
2024-10-11 12:49:20,179
2024-10-11 12:49:35,180
2024-10-11 12:49:51,180
2024-10-11 12:50:16,180
2024-10-11 12:50:43,180
2024-10-11 12:50:59,180
2024-10-11 12:51:13,180
2024-10-11 12:51:30,180
2024-10-11 12:51:45,180
2024-10-11 12:52:01,180
2024-10-11 12:52:16,180
2024-10-11 12:52:46,180
2024-10-11 12:53:00,180
2024-10-11 12:53:16,180
2024-10-11 12:53:40,180
2024-10-11 12:53:59,180
2024-10-11 12:54:23,180
2024-10-11 12:54:51,180
2024-10-11 12:55:04,180
2024-10-11 12:55:19,180
2024-10-11 12:55:34,180
2024-10-11 12:55:49,180
2024-10-11 12:56:04,180
2024-10-11 12:56:20,180
2024-10-11 12:56:32,180
2024-10-11 12:57:10,180
2024-10-11 12:57:25,180
2024-10-11 12:57:41,180
2024-10-11 12:57:56,180
2024-10-11 12:58:12,180
2024-10-11 12:58:37,180
2024-10-11 12:59:06,180
2024-10-11 12:59:20,180
2024-10-11 12:59:35,180
2024-10-11 12:59:51,180
2024-10-11 13:00:14,180
2024-10-11 13:00:30,180
2024-10-11 13:00:45,180
2024-10-11 13:01:00,180
2024-10-11 13:01:15,180
2024-10-11 13:01:30,180
2024-10-11 13:01:41,180
2024-10-11 13:01:55,180
2024-10-11 13:02:10,180
2024-10-11 13:02:26,180
2024-10-11 13:02:42,180
2024-10-11 13:03:09,180
2024-10-11 13:03:34,180
2024-10-11 13:03:50,180
2024-10-11 13:04:07,180
2024-10-11 13:04:24,180
2024-10-11 13:04:39,180
2024-10-11 13:04:54,180
2024-10-11 13:05:05,180
2024-10-11 13:05:21,180
2024-10-11 13:05:37,180
2024-10-11 13:05:54,180
2024-10-11 13:06:10,180
2024-10-11 13:06:24,180
2024-10-11 13:06:48,180
2024-10-11 13:07:07,180
2024-10-11 13:07:34,180
2024-10-11 13:07:51,180
2024-10-11 13:08:07,180
2024-10-11 13:08:19,180
2024-10-11 13:08:34,180
2024-10-11 13:08:49,180
2024-10-11 13:09:06,180
2024-10-11 13:09:21,180
2024-10-11 13:09:36,180
2024-10-11 13:09:51,180
2024-10-11 13:10:15,180
2024-10-11 13:10:30,180
2024-10-11 13:10:45,180
2024-10-11 13:11:00,180
2024-10-11 13:11:26,180
2024-10-11 13:11:42,180
2024-10-11 13:11:56,180
2024-10-11 13:12:12,180
2024-10-11 13:12:21,180
2024-10-11 13:12:58,180
2024-10-11 13:13:13,180
2024-10-11 13:13:34,132
2024-10-11 13:13:47,136
2024-10-11 13:13:58,136
2024-10-11 13:14:18,132
2024-10-11 13:14:33,132
2024-10-11 13:14:48,132
2024-10-11 13:15:03,132
2024-10-11 13:15:28,132
2024-10-11 13:15:40,132
2024-10-11 13:15:55,132
2024-10-11 13:16:19,132
2024-10-11 13:16:39,132
2024-10-11 13:16:58,132
2024-10-11 13:17:23,132
2024-10-11 13:17:54,132
2024-10-11 13:18:07,132
2024-10-11 13:18:18,132
2024-10-11 13:18:33,132
2024-10-11 13:16:06,132
2024-10-11 13:18:46,132
2024-10-11 13:19:36,132
2024-10-11 13:19:45,132
2024-10-11 13:19:54,132
2024-10-11 13:20:05,132
2024-10-11 13:20:34,132
2024-10-11 13:20:48,132
2024-10-11 13:21:02,132
2024-10-11 13:21:24,132
2024-10-11 13:21:36,132
2024-10-11 13:21:52,132
2024-10-11 13:22:09,132
2024-10-11 13:22:36,132
2024-10-11 13:22:59,132
2024-10-11 13:23:16,132
2024-10-11 13:23:33,132
2024-10-11 13:24:30,132
2024-10-11 13:24:46,132
2024-10-11 13:25:00,132
2024-10-11 13:25:16,132
2024-10-11 13:25:32,132
2024-10-11 13:25:49,132
2024-10-11 13:26:05,132
2024-10-11 13:26:21,132
2024-10-11 13:26:36,132
2024-10-11 13:26:53,132
2024-10-11 13:27:18,132
2024-10-11 13:27:31,132
2024-10-11 13:27:44,132
2024-10-11 13:28:01,132
2024-10-11 13:28:30,132
2024-10-11 13:28:45,132
2024-10-11 13:29:01,132
2024-10-11 13:29:17,132
2024-10-11 13:29:42,132
2024-10-11 13:30:15,132
2024-10-11 13:29:58,132
2024-10-11 13:30:37,132
2024-10-11 13:31:04,132
2024-10-11 13:31:19,132
2024-10-11 13:31:34,132
2024-10-11 13:31:49,132
2024-10-11 13:32:04,132
2024-10-11 13:32:30,132
2024-10-11 13:32:44,132
2024-10-11 13:32:59,132
2024-10-11 13:33:14,132
2024-10-11 13:33:29,132
2024-10-11 13:33:53,132
2024-10-11 13:34:08,132
2024-10-11 13:34:23,132
2024-10-11 13:34:36,132
2024-10-11 13:34:51,132
2024-10-11 13:35:06,132
2024-10-11 13:35:22,132
2024-10-11 13:35:38,132
2024-10-11 13:36:00,132
2024-10-11 13:36:16,132
2024-10-11 13:36:43,107
2024-10-11 13:36:59,108
2024-10-11 13:37:22,107
2024-10-11 13:37:40,107
2024-10-11 13:37:56,107
2024-10-11 13:38:12,107
2024-10-11 13:38:29,107
2024-10-11 13:38:45,107
2024-10-11 13:39:02,107
2024-10-11 13:39:18,107
2024-10-11 13:39:34,107
2024-10-11 13:39:50,107
2024-10-11 13:40:07,107
2024-10-11 13:40:33,107
2024-10-11 13:40:50,107
2024-10-11 13:41:17,107
2024-10-11 13:41:32,107
2024-10-11 13:41:48,107
2024-10-11 13:42:04,107
2024-10-11 13:42:20,107
2024-10-11 13:42:34,107
2024-10-11 13:42:50,107
2024-10-11 13:43:06,107
2024-10-11 13:43:20,107
2024-10-11 13:43:56,107
2024-10-11 13:44:12,107
2024-10-11 13:44:28,107
2024-10-11 13:44:43,107
2024-10-11 13:44:54,107
2024-10-11 13:45:20,107
2024-10-11 13:45:37,107
2024-10-11 13:45:52,107
2024-10-11 13:46:08,107
2024-10-11 13:46:23,107
2024-10-11 13:46:38,107
2024-10-11 13:46:55,107
2024-10-11 13:47:55,107
2024-10-11 13:48:08,107
2024-10-11 13:48:21,107
2024-10-11 13:48:35,107
2024-10-11 13:49:04,107
2024-10-11 13:49:19,107
2024-10-11 13:49:44,107
2024-10-11 13:50:09,107
2024-10-11 13:50:26,107
2024-10-11 13:50:52,107
2024-10-11 13:51:08,107
2024-10-11 13:51:21,107
2024-10-11 13:51:34,107
2024-10-11 13:51:49,107
2024-10-11 13:52:05,107
2024-10-11 13:52:20,107
2024-10-11 13:52:36,107
2024-10-11 13:52:52,107
2024-10-11 13:53:07,107
2024-10-11 13:53:18,107
2024-10-11 13:53:35,107
2024-10-11 13:54:11,107
2024-10-11 13:54:27,107
2024-10-11 13:54:43,107
2024-10-11 13:54:58,107
2024-10-11 13:55:14,107
2024-10-11 13:55:30,107
2024-10-11 13:55:43,107
2024-10-11 13:55:56,107
2024-10-11 13:56:12,107
2024-10-11 13:56:38,107
2024-10-11 13:56:54,107
2024-10-11 13:57:08,107
2024-10-11 13:57:32,107
2024-10-11 13:57:48,107
2024-10-11 13:58:05,107
2024-10-11 13:58:42,107
2024-10-11 13:59:00,107
2024-10-11 13:59:16,107
2024-10-11 13:59:33,107
2024-10-11 13:59:49,107
2024-10-11 14:00:05,107
2024-10-11 14:00:23,107
2024-10-11 14:00:39,107
2024-10-11 14:01:15,107
2024-10-11 14:01:31,107
2024-10-11 14:01:48,107
2024-10-11 14:02:05,107
2024-10-11 14:02:21,107
2024-10-11 14:02:32,107
2024-10-11 14:02:47,107
2024-10-11 14:03:15,89
2024-10-11 14:03:31,89
2024-10-11 14:03:48,91
2024-10-11 14:04:12,93
2024-10-11 14:04:30,93
2024-10-11 14:04:45,93
2024-10-11 14:05:01,93
2024-10-11 14:05:27,93
2024-10-11 14:05:42,93
2024-10-11 14:05:58,93
2024-10-11 14:06:09,93
2024-10-11 14:06:24,93
2024-10-11 14:06:40,93
2024-10-11 14:06:40,92
2024-10-11 14:07:37,93
2024-10-11 14:08:28,93
2024-10-11 14:09:50,92
2024-10-11 14:10:07,92
2024-10-11 14:10:23,92
2024-10-11 14:10:40,92
2024-10-11 14:11:06,92
2024-10-11 14:11:23,92
2024-10-11 14:11:40,92
2024-10-11 14:11:56,92
2024-10-11 14:12:12,92
2024-10-11 14:12:40,92
2024-10-11 14:12:55,92
2024-10-11 14:13:12,92
2024-10-11 14:13:29,92
2024-10-11 14:13:45,92
2024-10-11 14:14:02,92
2024-10-11 14:14:27,92
2024-10-11 14:14:43,92
2024-10-11 14:14:59,92
2024-10-11 14:15:15,92
2024-10-11 14:15:32,92
2024-10-11 14:15:48,92
2024-10-11 14:16:04,92
2024-10-11 14:16:20,92
2024-10-11 14:16:38,92
2024-10-11 14:17:07,92
2024-10-11 14:17:25,92
2024-10-11 14:17:50,92
2024-10-11 14:18:07,92
2024-10-11 14:18:24,80
2024-10-11 14:18:42,80
2024-10-11 14:18:58,81
2024-10-11 14:19:14,80
2024-10-11 14:19:31,80
2024-10-11 14:19:47,80
2024-10-11 14:20:04,80
2024-10-11 14:20:21,80
2024-10-11 14:20:38,80
2024-10-11 14:21:02,80
2024-10-11 14:21:31,80
2024-10-11 14:21:47,80
2024-10-11 14:22:04,80
2024-10-11 14:22:19,80
2024-10-11 14:22:36,80
2024-10-11 14:22:51,80
2024-10-11 14:23:08,80
2024-10-11 14:23:24,80
2024-10-11 14:23:40,80
2024-10-11 14:23:56,80
2024-10-11 14:24:13,80
2024-10-11 14:24:36,80
2024-10-11 14:24:53,80
2024-10-11 14:25:33,80
2024-10-11 14:26:00,80
2024-10-11 14:26:18,80
2024-10-11 14:26:35,80
2024-10-11 14:26:49,80
2024-10-11 14:27:05,80
2024-10-11 14:27:21,80
2024-10-11 14:27:46,80
2024-10-11 14:28:04,80
2024-10-11 14:28:20,80
2024-10-11 14:28:36,80
2024-10-11 14:28:52,80
2024-10-11 14:29:08,80
2024-10-11 14:29:25,80
2024-10-11 14:29:43,80
2024-10-11 14:29:56,80
2024-10-11 14:30:22,80
2024-10-11 14:30:38,80
2024-10-11 14:31:02,80
2024-10-11 14:31:19,80
2024-10-11 14:31:35,80
2024-10-11 14:31:51,80
2024-10-11 14:32:07,80
2024-10-11 14:32:23,80
2024-10-11 14:32:38,80
2024-10-11 14:32:53,80
2024-10-11 14:33:09,80
2024-10-11 14:33:25,80
2024-10-11 14:33:41,80
2024-10-11 14:33:58,80
2024-10-11 14:34:36,80
2024-10-11 14:34:52,80
2024-10-11 14:35:09,80
2024-10-11 14:35:24,80
2024-10-11 14:35:38,80
2024-10-11 14:35:55,80
2024-10-11 14:36:10,80
2024-10-11 14:36:36,80
2024-10-11 14:36:52,80
2024-10-11 14:37:08,80
2024-10-11 14:37:24,80
2024-10-11 14:37:40,80
2024-10-11 14:38:03,80
2024-10-11 14:38:18,80
2024-10-11 14:38:32,80
2024-10-11 14:38:59,80
2024-10-11 14:39:28,80
2024-10-11 14:39:44,80
2024-10-11 14:40:00,80
2024-10-11 14:40:15,80
2024-10-11 14:40:28,80
2024-10-11 14:40:44,80
2024-10-11 14:41:01,80
2024-10-11 14:41:29,80
2024-10-11 14:41:47,80
2024-10-11 14:42:03,80
2024-10-11 14:42:17,80
2024-10-11 14:42:33,80
2024-10-11 14:42:49,80
2024-10-11 14:43:16,80
2024-10-11 14:43:32,80
2024-10-11 14:43:48,80
2024-10-11 14:44:05,80
2024-10-11 14:44:19,80
2024-10-11 14:44:45,80
2024-10-11 14:45:01,72
2024-10-11 14:45:17,73
2024-10-11 14:45:31,72
2024-10-11 14:45:47,71
2024-10-11 14:46:03,71
2024-10-11 14:46:20,71
2024-10-11 14:46:36,71
2024-10-11 14:46:53,71
2024-10-11 14:47:21,71
2024-10-11 14:47:38,71
2024-10-11 14:48:05,71
2024-10-11 14:48:21,71
2024-10-11 14:48:37,71
2024-10-11 14:48:54,71
2024-10-11 14:49:13,71
2024-10-11 14:49:30,71
2024-10-11 14:49:48,71
2024-10-11 14:50:03,71
2024-10-11 14:50:20,71
2024-10-11 14:50:37,71
2024-10-11 14:50:53,71
2024-10-11 14:51:18,71
2024-10-11 14:51:34,71
2024-10-11 14:52:01,71
2024-10-11 14:52:19,71
2024-10-11 14:52:34,71
2024-10-11 14:52:51,71
2024-10-11 14:53:16,71
2024-10-11 14:53:31,71
2024-10-11 14:53:48,71
2024-10-11 14:54:05,71
2024-10-11 14:54:30,71
2024-10-11 14:54:48,71
2024-10-11 14:55:06,71
2024-10-11 14:55:23,71
2024-10-11 14:55:39,71
2024-10-11 14:55:55,71
2024-10-11 14:56:11,71
2024-10-11 14:56:38,71
2024-10-11 14:56:55,71
2024-10-11 14:57:11,71
2024-10-11 14:57:27,71
2024-10-11 14:57:50,71
2024-10-11 14:58:09,71
2024-10-11 14:58:27,71
2024-10-11 14:58:44,71
2024-10-11 14:59:00,71
2024-10-11 14:59:16,71
2024-10-11 14:59:34,71
2024-10-11 14:59:50,71
2024-10-11 15:00:06,71
2024-10-11 15:00:22,71
2024-10-11 15:00:51,71
2024-10-11 15:01:27,71
2024-10-11 15:01:41,71
2024-10-11 15:01:55,71
2024-10-11 15:02:11,71
2024-10-11 15:02:28,71
2024-10-11 15:02:42,71
2024-10-11 15:02:59,71
2024-10-11 15:03:15,71
2024-10-11 15:03:32,71
2024-10-11 15:03:46,71
2024-10-11 15:04:02,71
2024-10-11 15:04:20,71
2024-10-11 15:04:46,71
2024-10-11 15:05:02,71
2024-10-11 15:05:32,71
2024-10-11 15:05:48,71
2024-10-11 15:06:06,71
2024-10-11 15:06:21,71
2024-10-11 15:06:38,71
2024-10-11 15:06:54,71
2024-10-11 15:07:10,71
2024-10-11 15:07:27,71
2024-10-11 15:07:53,71
2024-10-11 15:08:10,71
2024-10-11 15:08:27,71
2024-10-11 15:08:43,71
2024-10-11 15:08:59,71
2024-10-11 15:09:15,71
2024-10-11 15:09:46,71
2024-10-11 15:10:01,71
2024-10-11 15:10:17,71
2024-10-11 15:10:33,71
2024-10-11 15:10:48,71
2024-10-11 15:11:13,71
2024-10-11 15:11:30,71
2024-10-11 15:11:44,71
2024-10-11 15:12:00,71
2024-10-11 15:12:17,69
2024-10-11 15:12:33,68
2024-10-11 15:12:51,67
2024-10-11 15:13:06,67
2024-10-11 15:13:21,67
2024-10-11 15:13:38,67
2024-10-11 15:14:06,67
2024-10-11 15:14:32,67
2024-10-11 15:14:49,67
2024-10-11 15:15:05,67
2024-10-11 15:15:22,67
2024-10-11 15:15:39,67
2024-10-11 15:15:55,67
2024-10-11 15:16:12,67
2024-10-11 15:16:29,67
2024-10-11 15:16:46,67
2024-10-11 15:17:01,67
2024-10-11 15:17:19,67
2024-10-11 15:17:34,67
2024-10-11 15:18:01,67
2024-10-11 15:18:18,67
2024-10-11 15:18:47,67
2024-10-11 15:19:05,67
2024-10-11 15:19:22,67
2024-10-11 15:19:38,67
2024-10-11 15:20:05,67
2024-10-11 15:20:21,67
2024-10-11 15:20:37,67
2024-10-11 15:20:51,67
2024-10-11 15:21:17,67
2024-10-11 15:21:33,67
2024-10-11 15:21:50,67
2024-10-11 15:22:07,67
2024-10-11 15:22:21,67
2024-10-11 15:22:37,67
2024-10-11 15:23:06,67
2024-10-11 15:23:24,67
2024-10-11 15:23:40,67
2024-10-11 15:23:57,67
2024-10-11 15:24:13,67
2024-10-11 15:24:42,67
2024-10-11 15:24:59,67
2024-10-11 15:25:15,67
2024-10-11 15:25:32,67
2024-10-11 15:25:48,67
2024-10-11 15:26:04,67
2024-10-11 15:26:22,67
2024-10-11 15:26:39,67
2024-10-11 15:26:55,67
2024-10-11 15:27:11,67
2024-10-11 15:27:38,67
2024-10-11 15:28:04,67
2024-10-11 15:28:20,67
2024-10-11 15:28:36,67
2024-10-11 15:28:53,67
2024-10-11 15:29:10,67
2024-10-11 15:29:26,67
2024-10-11 15:29:42,67
2024-10-11 15:29:56,67
2024-10-11 15:30:11,67
2024-10-11 15:30:41,67
2024-10-11 15:30:58,67
2024-10-11 15:31:22,67
2024-10-11 15:31:39,67
2024-10-11 15:32:06,67
2024-10-11 15:32:22,67
2024-10-11 15:32:39,67
2024-10-11 15:32:57,67
2024-10-11 15:33:23,67
2024-10-11 15:33:39,67
2024-10-11 15:33:56,67
2024-10-11 15:34:13,67
2024-10-11 15:34:39,67
2024-10-11 15:35:08,67
2024-10-11 15:35:24,67
2024-10-11 15:35:41,67
2024-10-11 15:35:57,67
2024-10-11 15:36:13,67
2024-10-11 15:36:29,67
2024-10-11 15:36:57,67
2024-10-11 15:37:15,67
2024-10-11 15:37:31,67
2024-10-11 15:37:47,67
2024-10-11 15:38:14,67
2024-10-11 15:38:30,67
2024-10-11 15:38:45,67
2024-10-11 15:39:01,67
2024-10-11 15:39:17,67
2024-10-11 15:39:31,67
2024-10-11 15:39:47,67
2024-10-11 15:40:03,60
2024-10-11 15:40:18,59
2024-10-11 15:40:35,61
2024-10-11 15:41:02,61
2024-10-11 15:41:41,61
2024-10-11 15:41:57,61
2024-10-11 15:42:13,61
2024-10-11 15:42:29,61
2024-10-11 15:42:45,61
2024-10-11 15:43:00,61
2024-10-11 15:43:16,61
2024-10-11 15:43:32,61
2024-10-11 15:43:49,61
2024-10-11 15:44:04,61
2024-10-11 15:44:18,61
2024-10-11 15:44:34,61
2024-10-11 15:44:58,61
2024-10-11 15:45:14,61
2024-10-11 15:45:42,61
2024-10-11 15:45:58,61
2024-10-11 15:46:13,61
2024-10-11 15:46:30,61
2024-10-11 15:46:44,61
2024-10-11 15:47:13,61
2024-10-11 15:47:29,61
2024-10-11 15:47:45,61
2024-10-11 15:48:01,61
2024-10-11 15:48:26,61
2024-10-11 15:48:40,61
2024-10-11 15:48:56,61
2024-10-11 15:49:12,61
2024-10-11 15:49:27,61
2024-10-11 15:49:43,61
2024-10-11 15:50:19,61
2024-10-11 15:50:36,61
2024-10-11 15:50:50,61
2024-10-11 15:51:07,61
2024-10-11 15:51:22,61
2024-10-11 15:51:46,61
2024-10-11 15:52:04,61
2024-10-11 15:52:21,61
2024-10-11 15:52:37,61
2024-10-11 15:52:52,61
2024-10-11 15:53:07,61
2024-10-11 15:53:23,61
2024-10-11 15:53:39,61
2024-10-11 15:53:55,61
2024-10-11 15:54:23,61
2024-10-11 15:54:40,61
2024-10-11 15:55:03,61
2024-10-11 15:55:22,61
2024-10-11 15:55:39,61
2024-10-11 15:55:56,61
2024-10-11 15:56:13,61
2024-10-11 15:56:30,61
2024-10-11 15:56:44,61
2024-10-11 15:57:00,61
2024-10-11 15:57:16,61
2024-10-11 15:57:30,61
2024-10-11 15:57:46,61
2024-10-11 15:58:03,61
2024-10-11 15:58:31,61
2024-10-11 15:58:48,37
2024-10-11 15:59:02,61
2024-10-11 16:00:07,37
2024-10-11 16:00:09,37
2024-10-11 16:00:12,37
2024-10-11 16:00:15,37
2024-10-11 16:02:36,37
2024-10-11 16:04:20,37
2024-10-11 16:05:09,37
2024-10-11 16:05:23,37
2024-10-11 16:05:38,37
2024-10-11 16:05:51,37
2024-10-11 16:06:07,37
2024-10-11 16:06:35,37
2024-10-11 16:06:50,37
2024-10-11 16:07:05,37
2024-10-11 16:07:19,37
2024-10-11 16:07:34,37
2024-10-11 16:07:58,37
2024-10-11 16:08:10,37
2024-10-11 16:08:25,37
2024-10-11 16:08:39,37
2024-10-11 16:08:52,37
2024-10-11 16:09:06,37
2024-10-11 16:09:19,37
2024-10-11 16:09:33,37
2024-10-11 16:09:47,37
2024-10-11 16:10:07,37
2024-10-11 16:10:32,37
2024-10-11 16:10:49,37
2024-10-11 16:11:03,37
2024-10-11 16:11:27,37
2024-10-11 16:11:40,37
2024-10-11 16:11:55,37
2024-10-11 16:12:09,37
2024-10-11 16:12:22,37
2024-10-11 16:12:36,37
2024-10-11 16:12:50,37
2024-10-11 16:13:03,37
2024-10-11 16:13:17,37
2024-10-11 16:13:31,37
2024-10-11 16:13:43,37
2024-10-11 16:14:12,37
2024-10-11 16:14:26,37
2024-10-11 16:14:50,37
2024-10-11 16:15:03,37
2024-10-11 16:15:17,37
2024-10-11 16:15:31,37
2024-10-11 16:15:45,37
2024-10-11 16:15:58,37
2024-10-11 16:16:11,37
2024-10-11 16:16:25,37
2024-10-11 16:16:39,37
2024-10-11 16:16:53,37
2024-10-11 16:17:08,37
2024-10-11 16:17:22,37
2024-10-11 16:17:36,37
2024-10-11 16:18:31,37
2024-10-11 16:18:45,37
2024-10-11 16:18:59,37
2024-10-11 16:19:12,37
2024-10-11 16:19:27,37
2024-10-11 16:19:44,37
2024-10-11 16:19:56,37
2024-10-11 16:20:10,37
2024-10-11 16:20:26,37
2024-10-11 16:20:40,37
2024-10-11 16:20:55,37
2024-10-11 16:21:10,37
2024-10-11 16:21:26,37
2024-10-11 16:22:13,37
2024-10-11 16:22:35,37
2024-10-11 16:22:49,37
2024-10-11 16:23:03,37
2024-10-11 16:23:18,37
2024-10-11 16:23:31,37
2024-10-11 16:23:45,37
2024-10-11 16:23:58,37
2024-10-11 16:24:13,37
2024-10-11 16:24:27,35
2024-10-11 16:24:41,35
2024-10-11 16:25:12,33
2024-10-11 16:25:26,33
2024-10-11 16:25:41,33
2024-10-11 16:26:09,33
2024-10-11 16:26:24,33
2024-10-11 16:26:37,33
2024-10-11 16:26:50,33
2024-10-11 16:27:02,33
2024-10-11 16:27:17,33
2024-10-11 16:27:31,33
2024-10-11 16:27:43,33
2024-10-11 16:27:56,33
2024-10-11 16:28:10,33
2024-10-11 16:28:31,33
2024-10-11 16:28:54,33
2024-10-11 16:29:06,33
2024-10-11 16:29:20,33
2024-10-11 16:29:34,33
2024-10-11 16:30:00,33
2024-10-11 16:30:14,33
2024-10-11 16:30:28,33
2024-10-11 16:30:43,33
2024-10-11 16:31:01,33
2024-10-11 16:31:16,33
2024-10-11 16:31:30,33
2024-10-11 16:31:54,33
2024-10-11 16:32:07,33
2024-10-11 16:32:18,33
2024-10-11 16:32:33,33
2024-10-11 16:32:47,33
2024-10-11 16:33:01,33
2024-10-11 16:33:15,33
2024-10-11 16:33:29,33
2024-10-11 16:33:56,33
2024-10-11 16:34:11,33
2024-10-11 16:34:25,33
2024-10-11 16:34:39,33
2024-10-11 16:35:03,33
2024-10-11 16:35:17,33
2024-10-11 16:35:31,33
2024-10-11 16:35:46,33
2024-10-11 16:36:02,33
2024-10-11 16:36:14,33
2024-10-11 16:36:29,33
2024-10-11 16:36:48,33
2024-10-11 16:36:59,33
2024-10-11 16:37:33,33
2024-10-11 16:37:46,33
2024-10-11 16:37:57,33
2024-10-11 16:38:08,33
2024-10-11 16:38:30,33
2024-10-11 16:38:43,33
2024-10-11 16:38:55,33
2024-10-11 16:39:08,33
2024-10-11 16:39:19,33
2024-10-11 16:39:31,33
2024-10-11 16:39:44,33
2024-10-11 16:39:58,33
2024-10-11 16:40:11,33
2024-10-11 16:40:25,33
2024-10-11 16:40:38,33
2024-10-11 16:41:03,33
2024-10-11 16:41:16,33
2024-10-11 16:41:29,33
2024-10-11 16:41:50,33
2024-10-11 16:42:04,33
2024-10-11 16:42:17,33
2024-10-11 16:42:30,33
2024-10-11 16:42:42,33
2024-10-11 16:42:56,33
2024-10-11 16:43:09,33
2024-10-11 16:43:22,33
2024-10-11 16:43:35,33
2024-10-11 16:43:48,33
2024-10-11 16:44:02,33
2024-10-11 16:44:15,33
2024-10-11 16:44:37,33
2024-10-11 16:45:00,33
2024-10-11 16:45:13,33
2024-10-11 16:45:27,33
2024-10-11 16:45:41,33
2024-10-11 16:45:54,33
2024-10-11 16:46:06,33
2024-10-11 16:46:14,33
2024-10-11 16:46:25,33
2024-10-11 16:46:37,33
2024-10-11 16:46:50,33
2024-10-11 16:47:03,33
2024-10-11 16:47:15,32
2024-10-11 16:47:28,33
2024-10-11 16:47:41,33
2024-10-11 16:48:04,33
2024-10-11 16:48:29,33
2024-10-11 16:48:41,33
2024-10-11 16:49:01,33
2024-10-11 16:49:13,33
2024-10-11 16:49:26,33
2024-10-11 16:49:38,33
2024-10-11 16:50:02,33
2024-10-11 16:50:15,33
2024-10-11 16:50:28,33
2024-10-11 16:50:41,33
2024-10-11 16:50:54,33
2024-10-11 16:51:07,33
2024-10-11 16:51:30,33
2024-10-11 16:52:03,33
2024-10-11 16:52:15,33
2024-10-11 16:52:28,33
2024-10-11 16:52:41,33
2024-10-11 16:52:53,33
2024-10-11 16:53:05,33
2024-10-11 16:53:18,33
2024-10-11 16:53:29,33
2024-10-11 16:53:40,33
2024-10-11 16:53:53,33
2024-10-11 16:54:05,33
2024-10-11 16:54:19,33
2024-10-11 16:54:31,33
2024-10-11 16:54:44,33
2024-10-11 16:55:29,33
2024-10-11 16:55:51,33
2024-10-11 16:56:04,33
2024-10-11 16:56:24,33
2024-10-11 16:56:37,33
2024-10-11 16:56:48,33
2024-10-11 16:57:00,33
2024-10-11 16:57:13,33
2024-10-11 16:57:26,33
2024-10-11 16:57:39,33
2024-10-11 16:57:52,33
2024-10-11 16:58:05,33
2024-10-11 16:58:19,33
2024-10-11 16:58:41,33
2024-10-11 16:58:54,33
2024-10-11 16:59:19,33
2024-10-11 16:59:32,33
2024-10-11 16:59:56,33
